OID,RouteId,BeginPoint,EndPoint,NHSVn,NHSVt,NHSComments,NHSVd,Shape_Length
-1,1000100008500INC,0.000000000000000,4.894900000000000,1.000000000000000,4 - Non-Int. NHS (mainline),,,0.077587928239951
-1,1121200200103INC,0.115700000000000,0.310600000000000,7.000000000000000,5 - NHS Connector,,,0.003386174870563
-1,1000100000500INC,68.776899999999998,71.023799999999994,1.000000000000000,4 - Non-Int. NHS (mainline),,,0.036920740397058
-1,1121200700023INC,0.037700000000000,3.060300000000000,1.000000000000000,4 - Non-Int. NHS (mainline),,,0.051192604925634
-1,1000100002000INC,157.629300000000001,165.619699999999995,1.000000000000000,4 - Non-Int. NHS (mainline),,,0.131907085705736
-1,1073100038800INC,0.000000000000000,0.844000000000000,1.000000000000000,4 - Non-Int. NHS (mainline),,,0.014334315161522
-1,1000100023400INC,22.646699999999999,22.945599999999999,1.000000000000000,4 - Non-Int. NHS (mainline),,,0.004338770477052
-1,1115100074600INC,0.579300000000000,11.138500000000001,1.000000000000000,4 - Non-Int. NHS (mainline),,,0.167481872658264
-1,1000100006000INC,12.931600000000000,36.058000000000000,1.000000000000000,4 - Non-Int. NHS (mainline),,,0.359483792991134
-1,1000100000500INC,35.442100000000003,49.038400000000003,1.000000000000000,4 - Non-Int. NHS (mainline),,,0.213829112583377
-1,5095100000100INC,0.000000000000000,0.246700000000000,1.000000000000000,4 - Non-Int. NHS (mainline),,,0.004063890385645
-1,1051200205307INC,0.261700000000000,0.270300000000000,1.000000000000000,4 - Non-Int. NHS (mainline),,,0.000145069044463
-1,1121200052003INC,2.032100000000000,2.525600000000000,5.000000000000000,5 - NHS Connector,,,0.007402350164063
-1,1000100009700INC,22.179300000000001,22.596800000000002,1.000000000000000,4 - Non-Int. NHS (mainline),,,0.006181093326254
-1,1000100001400INC,79.008799999999994,79.167699999999996,7.000000000000000,5 - NHS Connector,,,0.002397345959979
-1,1000100004200INC,102.670500000000004,110.118700000000004,1.000000000000000,4 - Non-Int. NHS (mainline),,,0.108758974732143
-1,1000100041100DEC,0.000000000000000,50.604999999999997,1.000000000000000,1 - Interstate,,,0.756146713089031
-1,1051200077900INC,0.000000000000000,1.045300000000000,1.000000000000000,4 - Non-Int. NHS (mainline),,,0.016396546883850
-1,1153200091915INC,0.000000000000000,4.186300000000000,1.000000000000000,4 - Non-Int. NHS (mainline),,,0.070136332178410
-1,1121200011925INC,0.000000000000000,3.603400000000000,1.000000000000000,4 - Non-Int. NHS (mainline),,,0.057280864505423
-1,1000100009200INC,37.406300000000002,41.898699999999998,1.000000000000000,4 - Non-Int. NHS (mainline),,,0.072883595840411
-1,1000100000700INC,15.146500000000000,28.844899999999999,1.000000000000000,4 - Non-Int. NHS (mainline),,,0.215315136560733
-1,1000100002600INC,251.575700000000012,272.327099999999973,1.000000000000000,4 - Non-Int. NHS (mainline),,,0.343033916605582
-1,1089200200911INC,0.079700000000000,0.355600000000000,7.000000000000000,5 - NHS Connector,,,0.004064043941084
-1,12711000027WEINC,0.000000000000000,1.006000000000000,1.000000000000000,4 - Non-Int. NHS (mainline),,,0.016749430991568
-1,1000100024700INC,35.828699999999998,37.110100000000003,1.000000000000000,3 - STRAHNET Connector,,,0.019233146249931
-1,1000100005400INC,34.943700000000000,53.767800000000001,1.000000000000000,4 - Non-Int. NHS (mainline),,,0.309624479200234
-1,1000100002000INC,133.303599999999989,137.463300000000004,1.000000000000000,4 - Non-Int. NHS (mainline),,,0.065313852764193
-1,10691000031SOINC,0.000000000000000,2.643500000000000,1.000000000000000,4 - Non-Int. NHS (mainline),,,0.038395469486272
-1,1000100023400INC,22.138800000000000,22.646699999999999,8.000000000000000,5 - NHS Connector,,,0.008559126637535
-1,10001000017ALINC,9.187700000000000,9.437600000000000,1.000000000000000,4 - Non-Int. NHS (mainline),,,0.004252488830792
-1,11291000053SPINC,1.581300000000000,4.512000000000000,1.000000000000000,4 - Non-Int. NHS (mainline),,,0.045274563125538
-1,1000100052000INC,0.000000000000000,248.107599999999991,1.000000000000000,2 - Non-int. STRAHNET (mainline),,,4.047578930379422
-1,1000100003900INC,82.970500000000001,85.201400000000007,1.000000000000000,4 - Non-Int. NHS (mainline),,,0.035106030064974
-1,1215200222800INC,2.114400000000000,2.411900000000000,1.000000000000000,4 - Non-Int. NHS (mainline),,,0.004357055878116
-1,1051100042100INC,6.425500000000000,6.680400000000000,1.000000000000000,1 - Interstate,,,0.004115931644177
-1,12131000052ALINC,0.000000000000000,5.320800000000000,1.000000000000000,4 - Non-Int. NHS (mainline),,,0.090719451666386
-1,1000100012100INC,187.652800000000013,207.289800000000014,1.000000000000000,2 - Non-int. STRAHNET (mainline),,,0.288956938065009
-1,1000100001300INC,0.000000000000000,0.543000000000000,1.000000000000000,4 - Non-Int. NHS (mainline),,,0.008712867051873
-1,1000100002600INC,191.836299999999994,196.248999999999995,1.000000000000000,2 - Non-int. STRAHNET (mainline),,,0.069740156510147
-1,1089200002200INC,0.000000000000000,1.452400000000000,7.000000000000000,5 - NHS Connector,,,0.021268401994373
-1,1000100040800INC,0.000000000000000,15.923999999999999,1.000000000000000,1 - Interstate,,,0.239871667582846
-1,11531000011COINC,0.000000000000000,2.796800000000000,1.000000000000000,4 - Non-Int. NHS (mainline),,,0.045935415826812
-1,1000100007000INC,12.863899999999999,19.911000000000001,1.000000000000000,4 - Non-Int. NHS (mainline),,,0.119933701494555
-1,1121200068003INC,0.079000000000000,0.289800000000000,4.000000000000000,5 - NHS Connector,,,0.003063824479286
-1,1000100000900INC,68.419499999999999,68.597399999999993,1.000000000000000,4 - Non-Int. NHS (mainline),,,0.002981501648347
-1,1063100033100INC,0.306300000000000,1.596700000000000,5.000000000000000,5 - NHS Connector,,,0.022253511637986
-1,1000100011300INC,54.064300000000003,55.987699999999997,1.000000000000000,4 - Non-Int. NHS (mainline),,,0.032401116346386
-1,1121200243003INC,0.000000000000000,0.400800000000000,7.000000000000000,5 - NHS Connector,,,0.005904761347904
-1,1000100001100INC,89.582400000000007,109.238200000000006,1.000000000000000,4 - Non-Int. NHS (mainline),,,0.297023705701817
-1,1000100003100INC,55.343000000000004,108.206100000000006,1.000000000000000,4 - Non-Int. NHS (mainline),,,0.783192711613127
-1,1089100041000INC,0.000000000000000,7.248400000000000,1.000000000000000,4 - Non-Int. NHS (mainline),,,0.121752775241240
-1,1000100040400INC,1.925100000000000,165.713200000000001,1.000000000000000,1 - Interstate,,,2.732800781756226
-1,1051200114200INC,0.000000000000000,0.384900000000000,1.000000000000000,3 - STRAHNET Connector,,,0.006164343173095
-1,1000100007300INC,38.433300000000003,59.369700000000002,1.000000000000000,4 - Non-Int. NHS (mainline),,,0.313626292491854
-1,1121200126303INC,0.000000000000000,0.340600000000000,5.000000000000000,5 - NHS Connector,,,0.005912319580402
-1,1000100001000INC,9.766999999999999,9.805400000000001,1.000000000000000,4 - Non-Int. NHS (mainline),,,0.000641826755172
-1,1000100002400INC,147.862300000000005,152.260500000000008,1.000000000000000,4 - Non-Int. NHS (mainline),,,0.069339115131776
-1,1083100040900DEC,0.000000000000000,3.889300000000000,1.000000000000000,1 - Interstate,,,0.064423452697238
-1,12751000035COINC,0.000000000000000,1.149800000000000,1.000000000000000,4 - Non-Int. NHS (mainline),,,0.017511386762412
-1,1000100040100INC,314.904999999999973,354.735200000000020,1.000000000000000,1 - Interstate,,,0.612923863954916
-1,1000100005200INC,5.724900000000000,9.241600000000000,1.000000000000000,4 - Non-Int. NHS (mainline),,,0.061425873473233
-1,12271000053BUINC,0.000000000000000,6.432600000000000,1.000000000000000,4 - Non-Int. NHS (mainline),,,0.102737782783889
-1,12451000104EAINC,0.228100000000000,0.658100000000000,1.000000000000000,4 - Non-Int. NHS (mainline),,,0.007302578742863
-1,1063200104401INC,0.000000000000000,0.029500000000000,7.000000000000000,5 - NHS Connector,,,0.000428125493580
-1,1000100019600INC,30.803300000000000,39.532299999999999,1.000000000000000,4 - Non-Int. NHS (mainline),,,0.142894506431558
-1,1121200649405INC,0.000000000000000,0.176600000000000,7.000000000000000,5 - NHS Connector,,,0.002764722642141
-1,10001000017ALINC,2.918200000000000,3.435800000000000,1.000000000000000,4 - Non-Int. NHS (mainline),,,0.008442168359101
-1,10511000025COINC,0.374500000000000,1.420800000000000,1.000000000000000,4 - Non-Int. NHS (mainline),,,0.017592522376136
-1,10991000062BYINC,2.782300000000000,4.530200000000000,1.000000000000000,2 - Non-int. STRAHNET (mainline),,,0.028816813634022
-1,1000100003800INC,75.679900000000004,158.396600000000007,1.000000000000000,4 - Non-Int. NHS (mainline),,,1.369771165870133
-1,1245200150300INC,3.120700000000000,3.273500000000000,1.000000000000000,4 - Non-Int. NHS (mainline),,,0.002634367965625
-1,1000100054000INC,96.818299999999994,212.198900000000009,1.000000000000000,2 - Non-int. STRAHNET (mainline),,,1.888575908843545
-1,1051200069107INC,0.111000000000000,0.184300000000000,1.000000000000000,4 - Non-Int. NHS (mainline),,,0.001218775848696
-1,1000100012000INC,54.263100000000001,63.346100000000000,1.000000000000000,4 - Non-Int. NHS (mainline),,,0.151690952785889
-1,1000100001500INC,338.307399999999973,346.687900000000013,1.000000000000000,4 - Non-Int. NHS (mainline),,,0.123848324009094
-1,1121200928401INC,1.192000000000000,1.472700000000000,7.000000000000000,5 - NHS Connector,,,0.004877967040423
-1,1000100002700INC,114.049000000000007,168.788299999999992,1.000000000000000,4 - Non-Int. NHS (mainline),,,0.895103018721097
-1,10871000001BUINC,12.875299999999999,14.269700000000000,1.000000000000000,4 - Non-Int. NHS (mainline),,,0.021352785281752
-1,1000100040300DEC,0.000000000000000,77.034300000000002,1.000000000000000,1 - Interstate,,,1.285055771638905
-1,1000100007200INC,32.553500000000000,45.605499999999999,1.000000000000000,4 - Non-Int. NHS (mainline),,,0.221635872440919
-1,1000100000700INC,161.605600000000010,163.768900000000002,1.000000000000000,4 - Non-Int. NHS (mainline),,,0.034507280340772
-1,1000100002300INC,193.457600000000014,196.926700000000011,1.000000000000000,2 - Non-int. STRAHNET (mainline),,,0.053491888657200
-1,10711000033SOINC,0.090900000000000,1.654300000000000,1.000000000000000,4 - Non-Int. NHS (mainline),,,0.022753790021001
-1,10001000247COINC,4.557900000000000,11.558100000000000,1.000000000000000,4 - Non-Int. NHS (mainline),,,0.119851210416510
-1,1135200327300INC,0.583800000000000,5.831000000000000,1.000000000000000,4 - Non-Int. NHS (mainline),,,0.080445073268016
-1,1000100005000INC,25.428000000000001,35.722400000000000,1.000000000000000,4 - Non-Int. NHS (mainline),,,0.174109411385560
-1,1000100000100INC,146.857599999999991,153.963999999999999,1.000000000000000,4 - Non-Int. NHS (mainline),,,0.106050117721286
-1,1215200222800INC,0.499800000000000,2.114400000000000,1.000000000000000,4 - Non-Int. NHS (mainline),,,0.023701326035170
-1,1235200064404INC,0.000000000000000,0.103000000000000,1.000000000000000,2 - Non-int. STRAHNET (mainline),,,0.001528341879266
-1,1063200002617INC,0.000000000000000,0.252900000000000,7.000000000000000,5 - NHS Connector,,,0.003885910211698
-1,1000100002400INC,45.580900000000000,46.244900000000001,1.000000000000000,4 - Non-Int. NHS (mainline),,,0.009689043541959
-1,12451000104COINC,0.000000000000000,0.656100000000000,1.000000000000000,4 - Non-Int. NHS (mainline),,,0.011311767131340
-1,1067200545219INC,0.000000000000000,0.407000000000000,1.000000000000000,4 - Non-Int. NHS (mainline),,,0.006710308035170
-1,10001000247COINC,3.104000000000000,4.557900000000000,1.000000000000000,4 - Non-Int. NHS (mainline),,,0.024688648647330
-1,1151200097709INC,0.773200000000000,1.091100000000000,7.000000000000000,5 - NHS Connector,,,0.005364465336801
-1,1000100005200INC,80.080600000000004,86.808099999999996,1.000000000000000,4 - Non-Int. NHS (mainline),,,0.111098010974905
-1,1000100000100INC,0.000000000000000,129.906700000000001,1.000000000000000,4 - Non-Int. NHS (mainline),,,1.962222996739137
-1,1225200030900INC,0.048000000000000,0.063500000000000,1.000000000000000,4 - Non-Int. NHS (mainline),,,0.000265751371459
-1,1051200236707INC,0.000000000000000,0.400700000000000,1.000000000000000,3 - STRAHNET Connector,,,0.006296162998302
-1,1000100013900INC,15.628700000000000,15.840000000000000,7.000000000000000,5 - NHS Connector,,,0.003663188911054
-1,1000100001600INC,73.083799999999997,85.399000000000001,1.000000000000000,4 - Non-Int. NHS (mainline),,,0.208064813733516
-1,1051100042100INC,2.641300000000000,6.425500000000000,1.000000000000000,1 - Interstate,,,0.057642867394570
-1,1097200068003INC,0.000000000000000,0.532400000000000,1.000000000000000,4 - Non-Int. NHS (mainline),,,0.008963048144363
-1,1000100003500INC,0.000000000000000,71.695300000000003,1.000000000000000,4 - Non-Int. NHS (mainline),,,1.108525826159130
-1,1000100052000INC,248.107599999999991,259.799899999999980,1.000000000000000,4 - Non-Int. NHS (mainline),,,0.187960498318746
-1,1051200205307INC,0.000000000000000,0.261700000000000,1.000000000000000,4 - Non-Int. NHS (mainline),,,0.004406318972881
-1,11211000236WEINC,0.000000000000000,0.148700000000000,7.000000000000000,5 - NHS Connector,,,0.002521711822822
-1,1000100013300INC,42.515999999999998,52.123600000000003,1.000000000000000,4 - Non-Int. NHS (mainline),,,0.151925381536395
-1,1000100001000INC,168.075999999999993,172.156299999999987,1.000000000000000,4 - Non-Int. NHS (mainline),,,0.065144605750655
-1,1000100002600INC,241.443700000000007,248.809100000000001,1.000000000000000,4 - Non-Int. NHS (mainline),,,0.121696794468165
-1,1245200150100INC,0.669600000000000,2.672400000000000,1.000000000000000,4 - Non-Int. NHS (mainline),,,0.034016638337530
-1,10871000001BUINC,15.762600000000001,16.318800000000000,1.000000000000000,4 - Non-Int. NHS (mainline),,,0.009201608326475
-1,1215200117000INC,0.979900000000000,1.060300000000000,1.000000000000000,4 - Non-Int. NHS (mainline),,,0.001167148638327
-1,1000100040700INC,60.196399999999997,60.988900000000001,1.000000000000000,1 - Interstate,,,0.013596155304427
-1,11791000038COINC,0.000000000000000,1.714100000000000,1.000000000000000,3 - STRAHNET Connector,,,0.028591938368281
-1,1000100009200INC,51.520899999999997,52.146400000000000,1.000000000000000,4 - Non-Int. NHS (mainline),,,0.010853667696198
-1,1121200204603INC,0.087900000000000,0.166200000000000,6.000000000000000,5 - NHS Connector,,,0.001302682735091
-1,1000100000800INC,90.418700000000001,95.970600000000005,1.000000000000000,4 - Non-Int. NHS (mainline),,,0.094750199461048
-1,1000100002200INC,114.560699999999997,115.325900000000004,1.000000000000000,4 - Non-Int. NHS (mainline),,,0.011861673334096
-1,1245200006500INC,8.598900000000000,9.478700000000000,1.000000000000000,4 - Non-Int. NHS (mainline),,,0.014848679683756
-1,10771000034BYINC,0.000000000000000,6.045300000000000,1.000000000000000,4 - Non-Int. NHS (mainline),,,0.101116868223940
-1,1000100038300INC,0.000000000000000,7.441700000000000,1.000000000000000,4 - Non-Int. NHS (mainline),,,0.111884437663355
-1,1121200800105INC,0.000000000000000,0.623800000000000,2.000000000000000,5 - NHS Connector,,,0.010013388078598
-1,1135200651200INC,0.000000000000000,3.278400000000000,1.000000000000000,4 - Non-Int. NHS (mainline),,,0.051805995942799
-1,1000100006700INC,3.307100000000000,13.407299999999999,1.000000000000000,3 - STRAHNET Connector,,,0.155505999662323
-1,1215200195500INC,0.000000000000000,0.047100000000000,1.000000000000000,4 - Non-Int. NHS (mainline),,,0.000806426629860
-1,1051200235207INC,0.000000000000000,0.532800000000000,4.000000000000000,5 - NHS Connector,,,0.008077712443096
-1,1000100011700INC,80.935299999999998,89.228499999999997,1.000000000000000,4 - Non-Int. NHS (mainline),,,0.128362925315304
-1,1000100001200INC,50.960500000000003,50.962000000000003,1.000000000000000,4 - Non-Int. NHS (mainline),,,0.000022401958846
-1,1135200016800INC,0.479500000000000,0.837500000000000,7.000000000000000,5 - NHS Connector,,,0.005829024949347
-1,1000100004500INC,63.563000000000002,66.630300000000005,1.000000000000000,4 - Non-Int. NHS (mainline),,,0.052076036379049
-1,1000100041300INC,10.044700000000001,11.104400000000000,1.000000000000000,1 - Interstate,,,0.017079769431290
-1,1051200000008INC,0.000000000000000,0.816900000000000,2.000000000000000,5 - NHS Connector,,,0.013196302310553
-1,1000100008700INC,71.990399999999994,72.156899999999993,1.000000000000000,4 - Non-Int. NHS (mainline),,,0.002586003169283
-1,1000100000600INC,68.998800000000003,69.128600000000006,1.000000000000000,4 - Non-Int. NHS (mainline),,,0.002199093171871
-1,1000100016600INC,0.000000000000000,15.345000000000001,1.000000000000000,4 - Non-Int. NHS (mainline),,,0.259914595116890
-1,1000100001500INC,228.602900000000005,257.375699999999995,1.000000000000000,4 - Non-Int. NHS (mainline),,,0.444882134291129
-1,11291000053SPINC,0.000000000000000,1.581300000000000,1.000000000000000,4 - Non-Int. NHS (mainline),,,0.025094336343066
-1,1000100003300INC,29.582000000000001,29.754799999999999,1.000000000000000,4 - Non-Int. NHS (mainline),,,0.002618530909805
-1,1247200200001INC,0.000000000000000,1.982500000000000,1.000000000000000,4 - Non-Int. NHS (mainline),,,0.030167931341106
-1,1299200059100INC,0.000000000000000,6.653300000000000,1.000000000000000,4 - Non-Int. NHS (mainline),,,0.110193326587771
-1,1000100040400DEC,0.000000000000000,165.503500000000003,1.000000000000000,1 - Interstate,,,2.760219019418009
-1,1051200065901INC,0.000000000000000,0.188000000000000,4.000000000000000,5 - NHS Connector,,,0.002867446472665
-1,11211000014ALINC,3.606000000000000,13.249000000000001,1.000000000000000,4 - Non-Int. NHS (mainline),,,0.161644934488127
-1,1000100012000INC,34.965400000000002,49.418799999999997,1.000000000000000,4 - Non-Int. NHS (mainline),,,0.245434058770660
-1,1000100001100INC,182.146099999999990,183.147199999999998,1.000000000000000,4 - Non-Int. NHS (mainline),,,0.016042404438893
-1,1127200110800INC,0.000000000000000,0.855000000000000,3.000000000000000,5 - NHS Connector,,,0.013543830507785
-1,1000100002900INC,88.000299999999996,98.282100000000000,1.000000000000000,4 - Non-Int. NHS (mainline),,,0.156135459731231
-1,10911000027BUINC,2.396800000000000,3.923700000000000,1.000000000000000,4 - Non-Int. NHS (mainline),,,0.023433742626965
-1,1000100031600INC,10.907600000000000,27.453800000000001,1.000000000000000,4 - Non-Int. NHS (mainline),,,0.283070859730184
-1,11571000098WEINC,0.000000000000000,1.466700000000000,1.000000000000000,4 - Non-Int. NHS (mainline),,,0.023329201958597
-1,1000100007300INC,35.438899999999997,37.313200000000002,1.000000000000000,4 - Non-Int. NHS (mainline),,,0.028690845852716
-1,1121200186803INC,0.472700000000000,0.807600000000000,7.000000000000000,5 - NHS Connector,,,0.004860404042485
-1,1000100000600INC,12.906499999999999,68.998800000000003,1.000000000000000,4 - Non-Int. NHS (mainline),,,0.920420847050722
-1,1000100002100INC,14.095700000000001,14.900000000000000,1.000000000000000,4 - Non-Int. NHS (mainline),,,0.011904907368440
-1,1067200463613INC,0.000000000000000,0.964100000000000,1.000000000000000,4 - Non-Int. NHS (mainline),,,0.014340437475948
-1,1000100014400INC,47.653300000000002,67.650800000000004,1.000000000000000,3 - STRAHNET Connector,,,0.330639397108757
-1,1000100001500INC,101.321799999999996,228.037000000000006,1.000000000000000,4 - Non-Int. NHS (mainline),,,1.940865052276370
-1,1000100004900INC,91.796300000000002,92.126700000000000,1.000000000000000,4 - Non-Int. NHS (mainline),,,0.005397508139927
-1,1247200205700INC,0.000000000000000,0.562600000000000,1.000000000000000,4 - Non-Int. NHS (mainline),,,0.009582649061169
-1,10671000005COINC,0.000000000000000,1.984400000000000,1.000000000000000,4 - Non-Int. NHS (mainline),,,0.032873677871387
-1,1185200127313INC,0.000000000000000,3.650000000000000,1.000000000000000,4 - Non-Int. NHS (mainline),,,0.053223396609190
-1,1000100012500INC,49.256900000000002,62.896999999999998,1.000000000000000,4 - Non-Int. NHS (mainline),,,0.206516937076320
-1,1000100001300INC,2.641700000000000,10.348599999999999,1.000000000000000,4 - Non-Int. NHS (mainline),,,0.121556924263810
-1,1233200073103INC,2.704900000000000,4.826600000000000,1.000000000000000,4 - Non-Int. NHS (mainline),,,0.036792638609582
-1,1127200132600INC,0.000000000000000,0.410100000000000,1.000000000000000,4 - Non-Int. NHS (mainline),,,0.006010945769387
-1,1000100004000INC,0.000000000000000,30.481100000000001,1.000000000000000,4 - Non-Int. NHS (mainline),,,0.501214495586256
-1,1299200090305INC,0.092000000000000,1.580900000000000,1.000000000000000,4 - Non-Int. NHS (mainline),,,0.023699522603132
-1,1000100040400INC,0.714700000000000,1.925100000000000,1.000000000000000,1 - Interstate,,,0.019024636673722
-1,1051200120107INC,1.558100000000000,1.833800000000000,1.000000000000000,3 - STRAHNET Connector,,,0.004079717236338
-1,1000100007400INC,1.506000000000000,12.432700000000001,1.000000000000000,4 - Non-Int. NHS (mainline),,,0.162192119898661
-1,1000100000700INC,161.462600000000009,161.605600000000010,1.000000000000000,2 - Non-int. STRAHNET (mainline),,,0.002088989835597
-1,1000100002100INC,7.393500000000000,14.095700000000001,1.000000000000000,4 - Non-Int. NHS (mainline),,,0.101077943767894
-1,1067200822800INC,0.000000000000000,7.719100000000000,1.000000000000000,4 - Non-Int. NHS (mainline),,,0.115872371382325
-1,1215200104500INC,0.440500000000000,0.450900000000000,1.000000000000000,4 - Non-Int. NHS (mainline),,,0.000152306909358
-1,1000100028200INC,0.000000000000000,19.839600000000001,1.000000000000000,4 - Non-Int. NHS (mainline),,,0.326383665652220
-1,1000100005300INC,138.784699999999987,147.782299999999992,1.000000000000000,4 - Non-Int. NHS (mainline),,,0.137199963405667
-1,1000100000300INC,69.442899999999995,70.016400000000004,1.000000000000000,2 - Non-int. STRAHNET (mainline),,,0.008333465255637
-1,10001000017ALINC,0.000000000000000,2.918200000000000,1.000000000000000,4 - Non-Int. NHS (mainline),,,0.047130844266998
-1,1063200122317INC,0.000000000000000,0.049600000000000,7.000000000000000,5 - NHS Connector,,,0.000860564128286
-1,1000100013800INC,24.824900000000000,38.920000000000002,1.000000000000000,4 - Non-Int. NHS (mainline),,,0.231608837538209
-1,1000100002000INC,157.358200000000011,157.629300000000001,1.000000000000000,4 - Non-Int. NHS (mainline),,,0.004240022361972
-1,1095200054000INC,2.781700000000000,3.541600000000000,1.000000000000000,3 - STRAHNET Connector,,,0.011180988819153
-1,1000100003100INC,115.590599999999995,115.857900000000001,1.000000000000000,4 - Non-Int. NHS (mainline),,,0.004029269206681
-1,1245200150300INC,0.233500000000000,3.120700000000000,1.000000000000000,4 - Non-Int. NHS (mainline),,,0.048480386082039
-1,1089200302513INC,0.000000000000000,0.257200000000000,8.000000000000000,5 - NHS Connector,,,0.003989708104059
-1,1255200104505INC,0.000000000000000,0.155300000000000,8.000000000000000,5 - NHS Connector,,,0.002328086860687
-1,1000100023600INC,0.397600000000000,0.398500000000000,7.000000000000000,5 - NHS Connector,,,0.000015646762322
-1,1151200001150INC,0.000000000000000,5.316800000000000,1.000000000000000,4 - Non-Int. NHS (mainline),,,0.089801533737567
-1,1000100005000INC,0.000000000000000,2.522000000000000,1.000000000000000,4 - Non-Int. NHS (mainline),,,0.042362701006141
-1,1121200185303INC,0.316600000000000,0.401000000000000,7.000000000000000,5 - NHS Connector,,,0.001459210403878
-1,1000100000200INC,127.449799999999996,158.990600000000001,1.000000000000000,4 - Non-Int. NHS (mainline),,,0.527075868726459
-1,1000100002500INC,124.079499999999996,124.871899999999997,3.000000000000000,5 - NHS Connector,,,0.011678629184965
-1,1245100041500DEC,0.000000000000000,15.441000000000001,1.000000000000000,1 - Interstate,,,0.244366604806535
-1,1067200355200INC,0.000000000000000,0.537000000000000,1.000000000000000,4 - Non-Int. NHS (mainline),,,0.008899465525776
-1,1215200003600INC,0.000000000000000,0.511500000000000,1.000000000000000,4 - Non-Int. NHS (mainline),,,0.007439984695017
-1,1000100014100INC,2.909000000000000,27.888600000000000,1.000000000000000,4 - Non-Int. NHS (mainline),,,0.384860274188406
-1,1121200638207INC,0.000000000000000,0.449800000000000,7.000000000000000,5 - NHS Connector,,,0.007262487628976
-1,1000100001700INC,240.432199999999995,245.780499999999989,1.000000000000000,4 - Non-Int. NHS (mainline),,,0.090717646942521
-1,1000100051500INC,0.000000000000000,75.868700000000004,1.000000000000000,4 - Non-Int. NHS (mainline),,,1.219414231417185
-1,1107200065000INC,0.000000000000000,0.590700000000000,1.000000000000000,4 - Non-Int. NHS (mainline),,,0.009336384830214
-1,1000100004400INC,21.459599999999998,23.694299999999998,1.000000000000000,4 - Non-Int. NHS (mainline),,,0.033944034910452
-1,1063200001017INC,0.000000000000000,0.076800000000000,2.000000000000000,5 - NHS Connector,,,0.001331845666785
-1,11851000038WEINC,0.000000000000000,0.907500000000000,1.000000000000000,4 - Non-Int. NHS (mainline),,,0.014804181199150
-1,1121100023700INC,0.103500000000000,0.814200000000000,7.000000000000000,5 - NHS Connector,,,0.010349294133770
-1,1000100012000INC,52.706800000000001,54.017800000000001,1.000000000000000,4 - Non-Int. NHS (mainline),,,0.019883018031718
-1,1000100001000INC,0.092000000000000,0.493000000000000,1.000000000000000,4 - Non-Int. NHS (mainline),,,0.006917030213944
-1,1233200070203INC,0.000000000000000,1.534700000000000,1.000000000000000,4 - Non-Int. NHS (mainline),,,0.025702401186006
-1,1000100002800INC,0.000000000000000,10.766800000000000,1.000000000000000,4 - Non-Int. NHS (mainline),,,0.176892811053273
-1,1089200273601INC,0.000000000000000,0.893700000000000,7.000000000000000,5 - NHS Connector,,,0.012971455136566
-1,1000100040300DEC,84.434600000000003,171.764100000000013,1.000000000000000,1 - Interstate,,,1.373133092718606
-1,1051200060205INC,0.000000000000000,0.504500000000000,3.000000000000000,5 - NHS Connector,,,0.008558597163868
-1,1000100008100INC,30.223900000000000,30.465599999999998,1.000000000000000,4 - Non-Int. NHS (mainline),,,0.004074275155583
-1,1000100000900INC,2.101500000000000,2.175600000000000,4.000000000000000,5 - NHS Connector,,,0.001140718963082
-1,1000100002100INC,0.000000000000000,0.713100000000000,1.000000000000000,4 - Non-Int. NHS (mainline),,,0.011973608293186
-1,1083100040600DEC,0.000000000000000,20.204699999999999,1.000000000000000,1 - Interstate,,,0.307143936849179
-1,1000100040100INC,149.363599999999991,164.588999999999999,1.000000000000000,1 - Interstate,,,0.230392018798355
-1,1107200101123INC,0.000000000000000,0.813700000000000,1.000000000000000,4 - Non-Int. NHS (mainline),,,0.013386391984736
-1,1000100005300INC,21.761099999999999,74.295900000000003,1.000000000000000,4 - Non-Int. NHS (mainline),,,0.867548364415317
-1,1000100000300INC,319.383600000000001,334.135400000000004,1.000000000000000,4 - Non-Int. NHS (mainline),,,0.238583667353941
-1,1225200030900INC,0.063500000000000,0.074300000000000,1.000000000000000,4 - Non-Int. NHS (mainline),,,0.000185166050964
-1,12451000104EAINC,0.000000000000000,0.228100000000000,1.000000000000000,4 - Non-Int. NHS (mainline),,,0.003721862088064
-1,1051200279800INC,0.000000000000000,0.175600000000000,1.000000000000000,3 - STRAHNET Connector,,,0.002849825835634
-1,1000100014100INC,0.000000000000000,1.336500000000000,1.000000000000000,4 - Non-Int. NHS (mainline),,,0.021859842370890
-1,1121200479829INC,1.795700000000000,1.844100000000000,1.000000000000000,4 - Non-Int. NHS (mainline),,,0.000838749190515
-1,1000100001900INC,134.694899999999990,135.007399999999990,8.000000000000000,5 - NHS Connector,,,0.005130810545809
-1,1039200048303INC,0.000000000000000,0.611400000000000,1.000000000000000,4 - Non-Int. NHS (mainline),,,0.008936009113317
-1,1000100003700INC,90.602500000000006,92.635800000000003,1.000000000000000,4 - Non-Int. NHS (mainline),,,0.034067662172809
-1,1245200150300INC,3.273500000000000,7.523000000000000,1.000000000000000,4 - Non-Int. NHS (mainline),,,0.073131348221353
-1,1215200222800INC,2.411900000000000,9.083500000000001,1.000000000000000,4 - Non-Int. NHS (mainline),,,0.107309812523330
-1,10331000121BYINC,0.000000000000000,5.669600000000000,1.000000000000000,4 - Non-Int. NHS (mainline),,,0.089878618788670
-1,1051200067807INC,0.067100000000000,2.222900000000000,1.000000000000000,4 - Non-Int. NHS (mainline),,,0.036300208423099
-1,1000100011500INC,6.797400000000000,30.419100000000000,1.000000000000000,4 - Non-Int. NHS (mainline),,,0.394093516725194
-1,1121200358603INC,0.148400000000000,0.241700000000000,7.000000000000000,5 - NHS Connector,,,0.001435548305230
-1,1000100001300INC,10.632099999999999,10.870699999999999,8.000000000000000,5 - NHS Connector,,,0.003803052429421
-1,1095200047500INC,0.000000000000000,2.355000000000000,1.000000000000000,3 - STRAHNET Connector,,,0.039914244946358
-1,1000100002900INC,87.821100000000001,88.000299999999996,1.000000000000000,4 - Non-Int. NHS (mainline),,,0.002634651461428
-1,1089200519000INC,0.000000000000000,5.572900000000000,1.000000000000000,4 - Non-Int. NHS (mainline),,,0.084505488530189
-1,1051100042100DEC,0.000000000000000,6.681100000000000,1.000000000000000,1 - Interstate,,,0.104091474313426
-1,1000100003800INC,158.396600000000007,163.029400000000010,1.000000000000000,4 - Non-Int. NHS (mainline),,,0.076284554417126
-1,12951000001BUINC,1.036100000000000,3.345500000000000,1.000000000000000,4 - Non-Int. NHS (mainline),,,0.034007424910107
-1,1215200345000INC,0.000000000000000,0.179500000000000,1.000000000000000,4 - Non-Int. NHS (mainline),,,0.002982184186255
-1,10311000067BYINC,0.000000000000000,2.333900000000000,1.000000000000000,4 - Non-Int. NHS (mainline),,,0.038966543323761
-1,1051200114407INC,0.000000000000000,2.905100000000000,1.000000000000000,4 - Non-Int. NHS (mainline),,,0.046655461688981
-1,1117200366301INC,0.000000000000000,1.565400000000000,1.000000000000000,4 - Non-Int. NHS (mainline),,,0.023951047722145
-1,1000100011900INC,20.248600000000000,41.383299999999998,1.000000000000000,3 - STRAHNET Connector,,,0.314892215765721
-1,1000100001200INC,11.617900000000001,11.758200000000000,1.000000000000000,4 - Non-Int. NHS (mainline),,,0.002041770629508
-1,1000100003000INC,191.046199999999999,201.871499999999997,1.000000000000000,3 - STRAHNET Connector,,,0.179366640051260
-1,10851000053WEINC,0.065500000000000,0.095200000000000,1.000000000000000,4 - Non-Int. NHS (mainline),,,0.000515085327813
-1,1215200105600INC,0.171100000000000,0.205500000000000,1.000000000000000,4 - Non-Int. NHS (mainline),,,0.000519541449943
-1,1000100040700INC,42.016199999999998,60.196399999999997,1.000000000000000,1 - Interstate,,,0.294504905346981
-1,11731000038WEINC,0.000000000000000,1.294800000000000,1.000000000000000,4 - Non-Int. NHS (mainline),,,0.021263277355146
-1,1000100008500INC,4.894900000000000,10.265800000000000,1.000000000000000,2 - Non-int. STRAHNET (mainline),,,0.088501106854850
-1,1121200063309INC,0.249900000000000,0.752800000000000,5.000000000000000,5 - NHS Connector,,,0.008216139112303
-1,1000100000900INC,1.363900000000000,2.101500000000000,4.000000000000000,5 - NHS Connector,,,0.011239144395757
-1,1000100002400INC,201.984399999999994,221.959499999999991,1.000000000000000,4 - Non-Int. NHS (mainline),,,0.297127580583202
-1,1067200283500INC,0.000000000000000,5.844700000000000,1.000000000000000,4 - Non-Int. NHS (mainline),,,0.098276272525856
-1,1000100036900INC,29.280100000000001,32.655099999999997,1.000000000000000,4 - Non-Int. NHS (mainline),,,0.055992928485155
-1,1000100005600INC,72.054699999999997,72.200699999999998,1.000000000000000,4 - Non-Int. NHS (mainline),,,0.002137686185490
-1,13051000038WEINC,0.000000000000000,2.078600000000000,1.000000000000000,2 - Non-int. STRAHNET (mainline),,,0.032661301923909
-1,12431000001BUINC,1.743500000000000,1.786100000000000,1.000000000000000,4 - Non-Int. NHS (mainline),,,0.000663806047289
-1,1063200004217INC,0.652200000000000,0.683900000000000,2.000000000000000,5 - NHS Connector,,,0.000462697073844
-1,1000100015500INC,18.641300000000001,21.892499999999998,1.000000000000000,4 - Non-Int. NHS (mainline),,,0.050237692392915
-1,1121200406809INC,0.000000000000000,0.104200000000000,5.000000000000000,5 - NHS Connector,,,0.001718340605344
-1,1000100001700INC,165.491700000000009,195.725599999999986,1.000000000000000,4 - Non-Int. NHS (mainline),,,0.459525914037829
-1,10511000017COINC,0.000000000000000,2.785100000000000,1.000000000000000,4 - Non-Int. NHS (mainline),,,0.041531781236360
-1,1000100003400INC,32.479399999999998,43.655200000000001,1.000000000000000,4 - Non-Int. NHS (mainline),,,0.189717762249714
-1,1215200312000INC,0.003100000000000,4.054600000000000,1.000000000000000,4 - Non-Int. NHS (mainline),,,0.062363562542088
-1,1000100092000INC,0.000000000000000,3.710500000000000,1.000000000000000,4 - Non-Int. NHS (mainline),,,0.063006253407846
-1,1051200164507INC,0.798300000000000,1.188900000000000,4.000000000000000,5 - NHS Connector,,,0.006496068763936
-1,11211000014CWINC,0.000000000000000,1.924500000000000,1.000000000000000,4 - Non-Int. NHS (mainline),,,0.032899263041700
-1,1000100012500INC,67.390799999999999,72.478499999999997,1.000000000000000,4 - Non-Int. NHS (mainline),,,0.078670862587951
-1,1121200348403INC,1.890200000000000,2.905400000000000,5.000000000000000,5 - NHS Connector,,,0.016714137711206
-1,1000100001200INC,50.962000000000003,53.213400000000000,1.000000000000000,4 - Non-Int. NHS (mainline),,,0.035933173767871
-1,1127200055701INC,0.196200000000000,2.133700000000000,1.000000000000000,4 - Non-Int. NHS (mainline),,,0.028457393443802
-1,1000100002600INC,0.000000000000000,84.896799999999999,1.000000000000000,2 - Non-int. STRAHNET (mainline),,,1.421314067574815
-1,1089200959600INC,0.000000000000000,1.801800000000000,1.000000000000000,4 - Non-Int. NHS (mainline),,,0.028067931819507
-1,1255200069605INC,0.000000000000000,0.204600000000000,5.000000000000000,5 - NHS Connector,,,0.002970068418261
-1,1121200921601INC,4.646700000000000,5.288300000000000,7.000000000000000,5 - NHS Connector,,,0.009624410958042
-1,1000100030000INC,71.423599999999993,106.596699999999998,1.000000000000000,4 - Non-Int. NHS (mainline),,,0.547944490984882
-1,1000100008900INC,0.000000000000000,56.855300000000000,1.000000000000000,4 - Non-Int. NHS (mainline),,,0.865084347625731
-1,1000100000800INC,47.179900000000004,60.488700000000001,1.000000000000000,4 - Non-Int. NHS (mainline),,,0.225183701499675
-1,1121200800107INC,0.000000000000000,0.253300000000000,2.000000000000000,5 - NHS Connector,,,0.004267427571131
-1,1000100002200INC,98.048599999999993,99.021199999999993,1.000000000000000,4 - Non-Int. NHS (mainline),,,0.014698239904905
-1,1245200150100INC,0.000000000000000,0.669600000000000,1.000000000000000,4 - Non-Int. NHS (mainline),,,0.011099293065866
-1,1067200545119INC,0.000000000000000,0.734300000000000,1.000000000000000,4 - Non-Int. NHS (mainline),,,0.012373333671341
-1,1000100013800INC,1.533200000000000,14.124000000000001,1.000000000000000,4 - Non-Int. NHS (mainline),,,0.213751437393452
-1,1000100040700DEC,0.000000000000000,62.747799999999998,1.000000000000000,1 - Interstate,,,0.987586102322112
-1,1117200052201INC,0.000000000000000,0.115800000000000,1.000000000000000,4 - Non-Int. NHS (mainline),,,0.002017671137330
-1,1000100006700INC,27.127600000000001,28.247599999999998,1.000000000000000,4 - Non-Int. NHS (mainline),,,0.016280580837198
-1,1000100000600INC,69.128600000000006,71.995800000000003,1.000000000000000,4 - Non-Int. NHS (mainline),,,0.048865724831047
-1,1000100002300INC,89.965000000000003,92.430300000000003,1.000000000000000,4 - Non-Int. NHS (mainline),,,0.037206947379472
-1,1067200544919INC,0.000000000000000,0.178400000000000,1.000000000000000,4 - Non-Int. NHS (mainline),,,0.003097981186648
-1,1000100025300INC,22.710400000000000,23.089800000000000,1.000000000000000,4 - Non-Int. NHS (mainline),,,0.006244183081350
-1,11391000053COINC,1.937700000000000,3.726900000000000,1.000000000000000,4 - Non-Int. NHS (mainline),,,0.030196890567445
-1,1000100005000INC,4.752900000000000,25.339099999999998,1.000000000000000,4 - Non-Int. NHS (mainline),,,0.334713916911022
-1,1000100000500INC,55.780200000000001,58.035800000000002,1.000000000000000,4 - Non-Int. NHS (mainline),,,0.036308287779156
-1,13111000011BYINC,0.000000000000000,1.336100000000000,1.000000000000000,4 - Non-Int. NHS (mainline),,,0.021698966882833
-1,12351000026WEINC,0.000000000000000,0.919500000000000,1.000000000000000,2 - Non-int. STRAHNET (mainline),,,0.015618326463149
-1,1063200001417INC,0.000000000000000,0.769400000000000,2.000000000000000,5 - NHS Connector,,,0.013286702267652
-1,1121200046803INC,0.000000000000000,0.162300000000000,7.000000000000000,5 - NHS Connector,,,0.002817041173140
-1,1000100015500INC,51.591299999999997,57.068899999999999,1.000000000000000,4 - Non-Int. NHS (mainline),,,0.081923754519424
-1,1000100001900INC,128.228199999999987,134.694899999999990,1.000000000000000,4 - Non-Int. NHS (mainline),,,0.106809081550545
-1,1000100003800INC,178.377999999999986,221.002199999999988,1.000000000000000,2 - Non-int. STRAHNET (mainline),,,0.671496112751898
-1,12931000003SOINC,0.000000000000000,1.829600000000000,1.000000000000000,4 - Non-Int. NHS (mainline),,,0.026865405283925
-1,1000100041900INC,0.000000000000000,23.998400000000000,1.000000000000000,1 - Interstate,,,0.375575998244506
-1,1051200078700INC,0.000000000000000,5.049200000000000,1.000000000000000,4 - Non-Int. NHS (mainline),,,0.083422954151546
-1,1000100009800INC,13.160399999999999,14.617699999999999,1.000000000000000,4 - Non-Int. NHS (mainline),,,0.023179889637225
-1,1121200348403INC,1.001200000000000,1.890200000000000,8.000000000000000,5 - NHS Connector,,,0.014147037321662
-1,1000100001000INC,166.870499999999993,168.075999999999993,1.000000000000000,4 - Non-Int. NHS (mainline),,,0.020778289697713
-1,11271000025COINC,0.000000000000000,1.120200000000000,1.000000000000000,4 - Non-Int. NHS (mainline),,,0.018683275894695
-1,1095200155101INC,0.332700000000000,1.542100000000000,1.000000000000000,4 - Non-Int. NHS (mainline),,,0.019224102419281
-1,1000100003100INC,8.927600000000000,12.629300000000001,1.000000000000000,4 - Non-Int. NHS (mainline),,,0.056477652282864
-1,1089200947600INC,0.000000000000000,0.683900000000000,1.000000000000000,4 - Non-Int. NHS (mainline),,,0.010294066869013
-1,1000100031600INC,0.681200000000000,5.355800000000000,1.000000000000000,4 - Non-Int. NHS (mainline),,,0.080577571340538
-1,1000100007300INC,66.939099999999996,77.963300000000004,1.000000000000000,4 - Non-Int. NHS (mainline),,,0.174334534089697
-1,1000100000700INC,148.008100000000013,150.431600000000003,1.000000000000000,4 - Non-Int. NHS (mainline),,,0.038087290258402
-1,1000100002000INC,42.294699999999999,62.728299999999997,1.000000000000000,4 - Non-Int. NHS (mainline),,,0.345886234622010
-1,1245200150100INC,3.881800000000000,5.912900000000000,1.000000000000000,4 - Non-Int. NHS (mainline),,,0.035138155570092
-1,10811000300COINC,0.000000000000000,3.313900000000000,1.000000000000000,4 - Non-Int. NHS (mainline),,,0.052182539737329
-1,1000100023400INC,24.756699999999999,28.591400000000000,1.000000000000000,4 - Non-Int. NHS (mainline),,,0.064196495037626
-1,1000100001600INC,72.710200000000000,72.756000000000000,1.000000000000000,4 - Non-Int. NHS (mainline),,,0.000791152870146
-1,1000100003900INC,43.952800000000003,44.189999999999998,1.000000000000000,2 - Non-int. STRAHNET (mainline),,,0.003587166660455
-1,1255200060300INC,0.000000000000000,0.291800000000000,8.000000000000000,5 - NHS Connector,,,0.004354487326167
-1,1063200156400INC,0.000000000000000,1.035700000000000,2.000000000000000,5 - NHS Connector,,,0.016722161368368
-1,1000100013300INC,0.000000000000000,38.164999999999999,1.000000000000000,4 - Non-Int. NHS (mainline),,,0.603296357617913
-1,1000100001000INC,1.567300000000000,1.963600000000000,1.000000000000000,4 - Non-Int. NHS (mainline),,,0.005841982792791
-1,1000100003100INC,108.667199999999994,112.512100000000004,1.000000000000000,4 - Non-Int. NHS (mainline),,,0.056502235054633
-1,1247200043501INC,0.000000000000000,1.027100000000000,1.000000000000000,4 - Non-Int. NHS (mainline),,,0.017676265658357
-1,10871000038BUINC,1.308000000000000,2.853700000000000,1.000000000000000,4 - Non-Int. NHS (mainline),,,0.025906054029385
-1,12991000004BUINC,1.403100000000000,9.632300000000001,1.000000000000000,4 - Non-Int. NHS (mainline),,,0.129992391314859
-1,1000100040300INC,84.434600000000003,179.151499999999999,1.000000000000000,1 - Interstate,,,1.574546240889477
-1,1000100006300INC,19.506000000000000,23.015499999999999,1.000000000000000,4 - Non-Int. NHS (mainline),,,0.053433688895994
-1,1299200091005INC,0.000000000000000,1.335000000000000,1.000000000000000,4 - Non-Int. NHS (mainline),,,0.022194117652955
-1,1217200064309INC,0.000000000000000,0.099400000000000,1.000000000000000,4 - Non-Int. NHS (mainline),,,0.001459816455391
-1,1051200205407INC,0.000000000000000,7.012100000000000,1.000000000000000,4 - Non-Int. NHS (mainline),,,0.106285532099496
-1,11871000060BUINC,0.000000000000000,4.736500000000000,1.000000000000000,4 - Non-Int. NHS (mainline),,,0.076294559636985
-1,1000100013300INC,52.123600000000003,52.291400000000003,1.000000000000000,4 - Non-Int. NHS (mainline),,,0.002836382505899
-1,1121200649205INC,0.217600000000000,0.294100000000000,7.000000000000000,5 - NHS Connector,,,0.001323745526552
-1,1000100001400INC,44.865099999999998,50.615200000000002,1.000000000000000,4 - Non-Int. NHS (mainline),,,0.085881365317357
-1,1127200132600INC,0.410100000000000,0.560700000000000,1.000000000000000,4 - Non-Int. NHS (mainline),,,0.002205303689907
-1,1097200059303INC,0.087700000000000,0.329700000000000,7.000000000000000,5 - NHS Connector,,,0.003878533277793
-1,1000100004200INC,89.301900000000003,92.849800000000002,1.000000000000000,4 - Non-Int. NHS (mainline),,,0.060291931240505
-1,1000100040300DEC,77.034300000000002,84.434600000000003,1.000000000000000,1 - Interstate,,,0.123485360608047
-1,1051200150607INC,0.000000000000000,1.786200000000000,1.000000000000000,4 - Non-Int. NHS (mainline),,,0.026381599761042
-1,1000100009200INC,37.080199999999998,37.406300000000002,1.000000000000000,4 - Non-Int. NHS (mainline),,,0.004898819416158
-1,1000100001000INC,7.384600000000000,9.766999999999999,7.000000000000000,5 - NHS Connector,,,0.040647558243850
-1,1127200062901INC,0.000000000000000,1.105700000000000,1.000000000000000,4 - Non-Int. NHS (mainline),,,0.016188310318192
-1,1095200155101INC,1.542100000000000,4.031500000000000,1.000000000000000,4 - Non-Int. NHS (mainline),,,0.039500030665129
-1,1000100002700INC,176.322300000000013,264.155799999999999,1.000000000000000,4 - Non-Int. NHS (mainline),,,1.408995004491562
-1,1089200309813INC,0.000000000000000,0.209100000000000,8.000000000000000,5 - NHS Connector,,,0.003034636494370
-1,12751000038BUINC,4.820000000000000,4.881700000000000,1.000000000000000,4 - Non-Int. NHS (mainline),,,0.001037601593819
-1,1000100040200INC,0.000000000000000,201.530399999999986,1.000000000000000,1 - Interstate,,,3.451037054750057
-1,1000100005300INC,100.498099999999994,128.021999999999991,1.000000000000000,4 - Non-Int. NHS (mainline),,,0.442769631693565
-1,1121200142623INC,0.000000000000000,0.247800000000000,7.000000000000000,5 - NHS Connector,,,0.004028117934816
-1,1000100002200INC,90.658400000000000,94.849400000000003,1.000000000000000,4 - Non-Int. NHS (mainline),,,0.071436868125317
-1,10691000032WEINC,0.000000000000000,1.106800000000000,1.000000000000000,4 - Non-Int. NHS (mainline),,,0.018745915508991
-1,1000100023400INC,22.945599999999999,24.756699999999999,1.000000000000000,2 - Non-int. STRAHNET (mainline),,,0.026290713731835
-1,1000100001700INC,195.777099999999990,231.119499999999988,1.000000000000000,4 - Non-Int. NHS (mainline),,,0.562083811733268
-1,1135200118107INC,0.000000000000000,2.721200000000000,1.000000000000000,4 - Non-Int. NHS (mainline),,,0.042627276932592
-1,1039200053203INC,0.175100000000000,5.641100000000000,1.000000000000000,3 - STRAHNET Connector,,,0.088294802066550
-1,11071000004BUINC,0.000000000000000,1.969600000000000,1.000000000000000,4 - Non-Int. NHS (mainline),,,0.028832938282362
-1,1000100003900INC,45.132599999999996,45.752600000000001,1.000000000000000,2 - Non-int. STRAHNET (mainline),,,0.010402580631613
-1,1217200065300INC,0.000000000000000,3.510900000000000,1.000000000000000,4 - Non-Int. NHS (mainline),,,0.058713894879980
-1,1051200235207INC,0.532800000000000,0.653900000000000,4.000000000000000,5 - NHS Connector,,,0.001825493147254
-1,12151000022COINC,0.000000000000000,0.723300000000000,1.000000000000000,4 - Non-Int. NHS (mainline),,,0.010847166802808
-1,11211000141COINC,0.368300000000000,0.871400000000000,7.000000000000000,5 - NHS Connector,,,0.008459381423199
-1,1000100012700INC,58.900799999999997,62.332599999999999,1.000000000000000,4 - Non-Int. NHS (mainline),,,0.055180682604476
-1,1121200358603INC,0.000000000000000,0.148400000000000,7.000000000000000,5 - NHS Connector,,,0.002293366045319
-1,1000100001000INC,160.795500000000004,163.496100000000013,1.000000000000000,3 - STRAHNET Connector,,,0.046044699125055
-1,1127200061901INC,1.088200000000000,2.305200000000000,1.000000000000000,4 - Non-Int. NHS (mainline),,,0.017918829056892
-1,1000100002600INC,196.248999999999995,200.656499999999994,1.000000000000000,4 - Non-Int. NHS (mainline),,,0.069055798884611
-1,1247200043500INC,0.000000000000000,1.792600000000000,1.000000000000000,4 - Non-Int. NHS (mainline),,,0.030968381606337
-1,1089200200711INC,0.000000000000000,0.535500000000000,7.000000000000000,5 - NHS Connector,,,0.007826953755684
-1,1299200089805INC,0.000000000000000,0.217300000000000,1.000000000000000,4 - Non-Int. NHS (mainline),,,0.003613276566532
-1,1000100040700INC,0.000000000000000,41.645299999999999,1.000000000000000,1 - Interstate,,,0.644740773475537
-1,1000100008100INC,30.465599999999998,31.663100000000000,1.000000000000000,4 - Non-Int. NHS (mainline),,,0.019907617557719
-1,1000100000900INC,76.119100000000003,86.110100000000003,1.000000000000000,4 - Non-Int. NHS (mainline),,,0.156855921791032
-1,1000100002000INC,0.000000000000000,17.111100000000000,1.000000000000000,4 - Non-Int. NHS (mainline),,,0.292885041428792
-1,1073200057100INC,0.000000000000000,3.818100000000000,1.000000000000000,4 - Non-Int. NHS (mainline),,,0.064406585311898
-1,1000100028000INC,0.290200000000000,0.366000000000000,7.000000000000000,5 - NHS Connector,,,0.001110867353724
-1,1000100006200INC,12.768000000000001,26.557300000000001,1.000000000000000,2 - Non-int. STRAHNET (mainline),,,0.227959532517602
-1,1051200114800INC,0.000000000000000,3.812100000000000,1.000000000000000,4 - Non-Int. NHS (mainline),,,0.062623566692667
-1,1000100008700INC,15.710500000000000,16.111499999999999,1.000000000000000,4 - Non-Int. NHS (mainline),,,0.006109460532697
-1,10001000008COINC,0.000000000000000,2.807800000000000,1.000000000000000,4 - Non-Int. NHS (mainline),,,0.042779236136692
-1,1000100002500INC,98.167900000000003,118.233999999999995,1.000000000000000,4 - Non-Int. NHS (mainline),,,0.321241257723629
-1,1083100040900INC,0.000000000000000,4.099800000000000,1.000000000000000,1 - Interstate,,,0.068062790955834
-1,12751000038BUINC,3.182300000000000,4.820000000000000,1.000000000000000,4 - Non-Int. NHS (mainline),,,0.027540362326508
-1,1000100040100INC,312.079700000000003,314.904999999999973,1.000000000000000,1 - Interstate,,,0.041099689883536
-1,1000100005300INC,81.081199999999995,100.378299999999996,1.000000000000000,4 - Non-Int. NHS (mainline),,,0.321970200811875
-1,1000100000100INC,189.097600000000000,356.166600000000017,1.000000000000000,4 - Non-Int. NHS (mainline),,,2.544092031025996
-1,12311000003SOINC,0.000000000000000,0.872000000000000,1.000000000000000,4 - Non-Int. NHS (mainline),,,0.012746882563099
-1,1000100001900INC,127.266499999999994,127.807000000000002,1.000000000000000,4 - Non-Int. NHS (mainline),,,0.009291151345105
-1,1063200104401INC,0.029500000000000,0.063700000000000,7.000000000000000,5 - NHS Connector,,,0.000496290268101
-1,12151000022SPINC,0.000000000000000,10.308000000000000,1.000000000000000,4 - Non-Int. NHS (mainline),,,0.168148350727301
-1,1000100020400INC,19.497100000000000,26.010899999999999,1.000000000000000,3 - STRAHNET Connector,,,0.109627994541451
-1,1121200700023INC,3.123000000000000,3.275400000000000,7.000000000000000,5 - NHS Connector,,,0.002652973486807
-1,1000100001900INC,75.021799999999999,79.769300000000001,1.000000000000000,4 - Non-Int. NHS (mainline),,,0.079762494828672
-1,1051100030700INC,0.000000000000000,7.403700000000000,1.000000000000000,4 - Non-Int. NHS (mainline),,,0.112815927832823
-1,10991000062BYINC,0.000000000000000,2.162300000000000,1.000000000000000,2 - Non-int. STRAHNET (mainline),,,0.033263616220549
-1,1000100003800INC,34.073300000000003,69.801000000000002,1.000000000000000,4 - Non-Int. NHS (mainline),,,0.591725625674077
-1,1215200344900INC,0.000000000000000,0.111000000000000,1.000000000000000,4 - Non-Int. NHS (mainline),,,0.001900126745432
-1,1000100054000INC,0.000000000000000,79.595900000000000,1.000000000000000,2 - Non-int. STRAHNET (mainline),,,1.329197905383276
-1,1051200165207INC,0.049800000000000,0.112400000000000,1.000000000000000,4 - Non-Int. NHS (mainline),,,0.001052114568637
-1,1185200085213INC,0.607400000000000,0.699500000000000,1.000000000000000,4 - Non-Int. NHS (mainline),,,0.001505600838129
-1,11211000014COINC,0.000000000000000,2.006900000000000,1.000000000000000,4 - Non-Int. NHS (mainline),,,0.034433085604284
-1,1000100009600INC,39.159399999999998,42.448999999999998,1.000000000000000,2 - Non-int. STRAHNET (mainline),,,0.056122083352461
-1,1121200309607INC,0.000000000000000,1.205300000000000,7.000000000000000,5 - NHS Connector,,,0.020738921998261
-1,1000100001000INC,0.493000000000000,1.567300000000000,1.000000000000000,4 - Non-Int. NHS (mainline),,,0.017597335682979
-1,1000100003000INC,22.134899999999998,136.215599999999995,1.000000000000000,4 - Non-Int. NHS (mainline),,,1.897029704287161
-1,1089200010533INC,0.948800000000000,1.146100000000000,7.000000000000000,5 - NHS Connector,,,0.002898240720008
-1,1215200185200INC,0.000000000000000,0.592400000000000,1.000000000000000,4 - Non-Int. NHS (mainline),,,0.010069133019450
-1,1000100040700INC,41.645299999999999,42.016199999999998,1.000000000000000,1 - Interstate,,,0.005392288864988
-1,1153200076215INC,0.000000000000000,3.649300000000000,1.000000000000000,4 - Non-Int. NHS (mainline),,,0.062526059205520
-1,1000100007200INC,0.000000000000000,29.161200000000001,1.000000000000000,4 - Non-Int. NHS (mainline),,,0.492778074765773
-1,1000100000700INC,108.002399999999994,110.955399999999997,1.000000000000000,4 - Non-Int. NHS (mainline),,,0.043642451297055
-1,1000100002400INC,75.534700000000001,76.486999999999995,1.000000000000000,2 - Non-int. STRAHNET (mainline),,,0.014688476788217
-1,1067200440400INC,3.433500000000000,6.753500000000000,1.000000000000000,4 - Non-Int. NHS (mainline),,,0.050943662376479
-1,1000100028000INC,4.246400000000000,5.520000000000000,5.000000000000000,5 - NHS Connector,,,0.019960403842834
-1,1000100005200INC,40.931899999999999,59.135800000000003,1.000000000000000,4 - Non-Int. NHS (mainline),,,0.296375082083033
-1,12371000024BUINC,2.309700000000000,3.797700000000000,1.000000000000000,4 - Non-Int. NHS (mainline),,,0.022021747558696
-1,1063200003717INC,0.000000000000000,0.525800000000000,2.000000000000000,5 - NHS Connector,,,0.009076443873504
-1,1000100020400INC,26.010899999999999,32.466299999999997,1.000000000000000,4 - Non-Int. NHS (mainline),,,0.101945610851724
-1,10001000015ALINC,8.031300000000000,17.005199999999999,1.000000000000000,4 - Non-Int. NHS (mainline),,,0.146228323317009
-1,1000100003200INC,19.076300000000000,51.930900000000001,1.000000000000000,4 - Non-Int. NHS (mainline),,,0.548255500180481
-1,1247200205401INC,0.000000000000000,0.081700000000000,1.000000000000000,4 - Non-Int. NHS (mainline),,,0.001349544392025
-1,1000100041700INC,0.000000000000000,17.332400000000000,1.000000000000000,1 - Interstate,,,0.260151871732221
-1,1051200150507INC,3.772300000000000,3.854100000000000,1.000000000000000,4 - Non-Int. NHS (mainline),,,0.001208195309015
-1,11851000007BUINC,0.000000000000000,7.040100000000000,1.000000000000000,4 - Non-Int. NHS (mainline),,,0.107252607944770
-1,1063200004217INC,0.000000000000000,0.652200000000000,2.000000000000000,5 - NHS Connector,,,0.010151036195004
-1,1000100014000INC,66.437700000000007,78.834299999999999,1.000000000000000,4 - Non-Int. NHS (mainline),,,0.196945116673014
-1,1000100001600INC,15.496900000000000,17.211200000000002,1.000000000000000,4 - Non-Int. NHS (mainline),,,0.028293297757371
-1,1135200118307INC,0.000000000000000,1.380600000000000,1.000000000000000,4 - Non-Int. NHS (mainline),,,0.020387435574573
-1,10311000067BYINC,2.333900000000000,7.244800000000000,1.000000000000000,2 - Non-int. STRAHNET (mainline),,,0.074135129550879
-1,1097200080900INC,0.000000000000000,3.147000000000000,1.000000000000000,4 - Non-Int. NHS (mainline),,,0.048264187703593
-1,1000100003600INC,92.663600000000002,95.134200000000007,1.000000000000000,4 - Non-Int. NHS (mainline),,,0.037938128686595
-1,1021200073800INC,0.000000000000000,1.137700000000000,8.000000000000000,5 - NHS Connector,,,0.019539824154194
-1,1051200074000INC,0.480000000000000,1.117900000000000,1.000000000000000,3 - STRAHNET Connector,,,0.010282105465604
-1,1000100013000INC,6.109800000000000,12.199199999999999,1.000000000000000,4 - Non-Int. NHS (mainline),,,0.100678393139595
-1,1000100001100INC,367.079700000000003,377.628800000000012,1.000000000000000,4 - Non-Int. NHS (mainline),,,0.166608771775712
-1,1000100003100INC,108.206100000000006,108.227400000000003,1.000000000000000,4 - Non-Int. NHS (mainline),,,0.000312715121323
-1,1089200515000INC,3.595200000000000,3.780000000000000,7.000000000000000,5 - NHS Connector,,,0.002827841819329
-1,1000100041300DEC,0.000000000000000,11.249200000000000,1.000000000000000,1 - Interstate,,,0.170748451900445
-1,1000100009200INC,0.000000000000000,1.293400000000000,1.000000000000000,4 - Non-Int. NHS (mainline),,,0.018870118948209
-1,1000100000900INC,2.175600000000000,24.501000000000001,1.000000000000000,4 - Non-Int. NHS (mainline),,,0.340115375081300
-1,1000100002000INC,154.266899999999993,157.358200000000011,1.000000000000000,4 - Non-Int. NHS (mainline),,,0.050850960807350
-1,1067200358000INC,0.000000000000000,1.053100000000000,1.000000000000000,4 - Non-Int. NHS (mainline),,,0.016687326167370
-1,1000100040000INC,0.000000000000000,9.249800000000000,1.000000000000000,4 - Non-Int. NHS (mainline),,,0.136683911610360
-1,1121200800111INC,0.161100000000000,1.674300000000000,2.000000000000000,5 - NHS Connector,,,0.025140870044751
-1,1000100006100INC,49.344600000000000,52.322899999999997,1.000000000000000,4 - Non-Int. NHS (mainline),,,0.045558900230738
-1,1000100000300INC,74.783199999999994,224.652299999999997,1.000000000000000,4 - Non-Int. NHS (mainline),,,2.240789164255850
-1,13131000003COINC,0.064900000000000,0.671100000000000,1.000000000000000,4 - Non-Int. NHS (mainline),,,0.010472693625866
-1,1051212457895INC,0.000000000000000,2.811800000000000,1.000000000000000,4 - Non-Int. NHS (mainline),,,0.043078520960843
-1,1000100013800INC,41.717700000000001,59.537799999999997,1.000000000000000,4 - Non-Int. NHS (mainline),,,0.294335212008467
-1,1000100001700INC,251.801400000000001,259.918900000000008,1.000000000000000,4 - Non-Int. NHS (mainline),,,0.136536074739742
-1,1135200118107INC,2.721200000000000,2.850100000000000,1.000000000000000,4 - Non-Int. NHS (mainline),,,0.002211216844878
-1,1000100004600INC,0.000000000000000,1.997700000000000,1.000000000000000,4 - Non-Int. NHS (mainline),,,0.033240151973477
-1,1277200020400INC,2.664500000000000,2.830700000000000,1.000000000000000,4 - Non-Int. NHS (mainline),,,0.002786701681997
-1,1215200105700INC,0.000000000000000,0.647600000000000,1.000000000000000,4 - Non-Int. NHS (mainline),,,0.011008367271893
-1,1000100041700INC,17.332400000000000,17.383700000000001,1.000000000000000,1 - Interstate,,,0.000821825576451
-1,1051100042100INC,0.000000000000000,2.641300000000000,1.000000000000000,1 - Interstate,,,0.042306002493754
-1,1000100007400INC,0.000000000000000,0.367800000000000,1.000000000000000,4 - Non-Int. NHS (mainline),,,0.005755613422205
-1,1121200279703INC,0.000000000000000,0.107600000000000,7.000000000000000,5 - NHS Connector,,,0.001869111470544
-1,1000100000700INC,67.509100000000004,72.695899999999995,1.000000000000000,4 - Non-Int. NHS (mainline),,,0.078849732171263
-1,1000100003200INC,0.000000000000000,18.238099999999999,1.000000000000000,4 - Non-Int. NHS (mainline),,,0.302087903575938
-1,1089200516600INC,3.534400000000000,4.394100000000000,7.000000000000000,5 - NHS Connector,,,0.014196400180281
-1,12691000003SOINC,0.000000000000000,1.053500000000000,1.000000000000000,4 - Non-Int. NHS (mainline),,,0.015361930965412
-1,1215200104100INC,0.000000000000000,0.198700000000000,1.000000000000000,4 - Non-Int. NHS (mainline),,,0.003354700492453
-1,1000100024700INC,43.036299999999997,43.091500000000003,1.000000000000000,4 - Non-Int. NHS (mainline),,,0.000821457279587
-1,1000100005600INC,113.111599999999996,114.411299999999997,1.000000000000000,4 - Non-Int. NHS (mainline),,,0.021292334695141
-1,1000100000400INC,45.001199999999997,99.140100000000004,1.000000000000000,4 - Non-Int. NHS (mainline),,,0.805519447440680
-1,1121200013503INC,1.510200000000000,1.944500000000000,1.000000000000000,4 - Non-Int. NHS (mainline),,,0.006513567449241
-1,1000100012100INC,208.242199999999997,231.071499999999986,1.000000000000000,2 - Non-int. STRAHNET (mainline),,,0.336984893181940
-1,1121200235303INC,1.997100000000000,2.028800000000000,5.000000000000000,5 - NHS Connector,,,0.000460124075421
-1,1000100001100INC,133.921199999999999,155.070600000000013,1.000000000000000,4 - Non-Int. NHS (mainline),,,0.336822656402373
-1,1121200904401INC,0.000000000000000,0.277900000000000,7.000000000000000,5 - NHS Connector,,,0.004281425426770
-1,1095200163001INC,0.000000000000000,1.398500000000000,1.000000000000000,3 - STRAHNET Connector,,,0.020301853632370
-1,1000100002700INC,59.483499999999999,61.649299999999997,1.000000000000000,4 - Non-Int. NHS (mainline),,,0.036707953922869
-1,1089200075705INC,0.000000000000000,1.341700000000000,7.000000000000000,5 - NHS Connector,,,0.023264870712212
-1,1000100036900INC,34.997199999999999,35.633299999999998,1.000000000000000,4 - Non-Int. NHS (mainline),,,0.010608007338139
-1,1157100033400INC,11.770500000000000,12.368200000000000,1.000000000000000,4 - Non-Int. NHS (mainline),,,0.009148809825847
-1,11171000020WEINC,0.066700000000000,0.257700000000000,1.000000000000000,4 - Non-Int. NHS (mainline),,,0.003331089205212
-1,1000100007400INC,0.367800000000000,1.506000000000000,1.000000000000000,4 - Non-Int. NHS (mainline),,,0.018334208320409
-1,1000100000700INC,152.188199999999995,161.462600000000009,1.000000000000000,4 - Non-Int. NHS (mainline),,,0.149187770858111
-1,1000100002000INC,20.241399999999999,39.039700000000003,1.000000000000000,4 - Non-Int. NHS (mainline),,,0.323574104881123
-1,10831000406CODEC,0.000000000000000,0.812800000000000,1.000000000000000,1 - Interstate,,,0.012277878749540
-1,1000100015500INC,22.056699999999999,40.048999999999999,1.000000000000000,4 - Non-Int. NHS (mainline),,,0.269151321285187
-1,1135200195400INC,0.000000000000000,11.483700000000001,1.000000000000000,4 - Non-Int. NHS (mainline),,,0.184861740664416
-1,11151000001LOINC,0.000000000000000,11.763900000000000,1.000000000000000,4 - Non-Int. NHS (mainline),,,0.188079947940568
-1,1000100005000INC,25.339099999999998,25.428000000000001,1.000000000000000,4 - Non-Int. NHS (mainline),,,0.001504019093111
-1,1000100000400INC,99.140699999999995,190.329900000000009,1.000000000000000,4 - Non-Int. NHS (mainline),,,1.357659283517824
-1,12171000012WEINC,0.000000000000000,0.733100000000000,1.000000000000000,4 - Non-Int. NHS (mainline),,,0.012137479071530
-1,1051212457895INC,2.811800000000000,2.895000000000000,1.000000000000000,4 - Non-Int. NHS (mainline),,,0.001250192739985
-1,1000100013300INC,52.291400000000003,73.313400000000001,1.000000000000000,4 - Non-Int. NHS (mainline),,,0.326683533467030
-1,1000100001300INC,0.543000000000000,2.641700000000000,1.000000000000000,4 - Non-Int. NHS (mainline),,,0.034488338054412
-1,12431000001SBINC,0.000000000000000,0.043600000000000,1.000000000000000,4 - Non-Int. NHS (mainline),,,0.000694891832681
-1,1000100003700INC,35.312100000000001,35.511499999999998,1.000000000000000,2 - Non-int. STRAHNET (mainline),,,0.002993999434971
-1,1247200200000INC,0.000000000000000,0.627700000000000,1.000000000000000,4 - Non-Int. NHS (mainline),,,0.009410370040093
-1,1000100040800DEC,0.000000000000000,16.058199999999999,1.000000000000000,1 - Interstate,,,0.241823365320633
-1,1051200150307INC,0.000000000000000,3.668000000000000,1.000000000000000,4 - Non-Int. NHS (mainline),,,0.058634498361051
-1,1153200053500INC,0.000000000000000,8.201100000000000,1.000000000000000,4 - Non-Int. NHS (mainline),,,0.121273243308845
-1,1121200007703INC,0.508800000000000,2.758700000000000,5.000000000000000,5 - NHS Connector,,,0.035462110818244
-1,1000100009200INC,53.868899999999996,75.749200000000002,1.000000000000000,4 - Non-Int. NHS (mainline),,,0.326285173733879
-1,1000100000900INC,68.597399999999993,73.834400000000002,1.000000000000000,4 - Non-Int. NHS (mainline),,,0.086345942040475
-1,1000100002900INC,87.811000000000007,87.821100000000001,1.000000000000000,4 - Non-Int. NHS (mainline),,,0.000148494238511
-1,1089200303113INC,0.000000000000000,0.198900000000000,7.000000000000000,5 - NHS Connector,,,0.003214902700252
-1,1000100024700INC,0.000000000000000,19.532800000000002,1.000000000000000,4 - Non-Int. NHS (mainline),,,0.295615630560524
-1,1135200651200INC,3.540700000000000,18.100400000000000,1.000000000000000,4 - Non-Int. NHS (mainline),,,0.234134614266409
-1,1000100005200INC,59.226999999999997,74.665700000000001,1.000000000000000,4 - Non-Int. NHS (mainline),,,0.257145013763112
-1,1000100000400INC,217.248899999999992,224.343999999999994,1.000000000000000,4 - Non-Int. NHS (mainline),,,0.113971508706568
-1,1000100001700INC,0.327900000000000,8.743900000000000,1.000000000000000,4 - Non-Int. NHS (mainline),,,0.139552398140248
-1,1245200006500INC,7.556900000000000,8.598900000000000,1.000000000000000,4 - Non-Int. NHS (mainline),,,0.017448512387786
-1,10631000003COINC,0.000000000000000,1.153900000000000,1.000000000000000,4 - Non-Int. NHS (mainline),,,0.017944600694236
-1,1000100022400INC,21.451300000000000,30.168900000000001,1.000000000000000,4 - Non-Int. NHS (mainline),,,0.143381028154882
-1,1000100001600INC,128.695999999999998,128.770999999999987,1.000000000000000,4 - Non-Int. NHS (mainline),,,0.001131028016204
-1,1021200073900INC,3.747100000000000,4.125800000000000,8.000000000000000,5 - NHS Connector,,,0.005687889958050
-1,11071000004BUINC,1.969600000000000,7.875000000000000,1.000000000000000,4 - Non-Int. NHS (mainline),,,0.090174274751413
-1,1000100003800INC,0.000000000000000,30.925300000000000,1.000000000000000,4 - Non-Int. NHS (mainline),,,0.505336081642881
-1,1245200151500INC,0.000000000000000,1.731600000000000,1.000000000000000,2 - Non-int. STRAHNET (mainline),,,0.029519888504318
-1,12991000004BUINC,0.000000000000000,1.216100000000000,1.000000000000000,4 - Non-Int. NHS (mainline),,,0.020147028533487
-1,1051100030700INC,7.403700000000000,8.472400000000000,3.000000000000000,5 - NHS Connector,,,0.018121685907163
-1,1051200065005INC,0.000000000000000,1.043700000000000,3.000000000000000,5 - NHS Connector,,,0.017698582426634
-1,1000100012000INC,69.366000000000000,73.376400000000004,1.000000000000000,4 - Non-Int. NHS (mainline),,,0.068650363348054
-1,1121200379003INC,0.000000000000000,0.093800000000000,7.000000000000000,5 - NHS Connector,,,0.001552955478865
-1,1000100001200INC,70.449700000000007,71.016300000000001,1.000000000000000,4 - Non-Int. NHS (mainline),,,0.009804434162732
-1,1000100002500INC,40.359600000000000,46.170400000000001,1.000000000000000,4 - Non-Int. NHS (mainline),,,0.086064727888423
-1,1245100041500INC,0.000000000000000,15.396200000000000,1.000000000000000,1 - Interstate,,,0.243748944967034
-1,10671000006SPINC,0.000000000000000,0.448700000000000,5.000000000000000,5 - NHS Connector,,,0.007302958969216
-1,1000100013800INC,14.946400000000001,21.277000000000001,1.000000000000000,4 - Non-Int. NHS (mainline),,,0.105220181025560
-1,1000100001500INC,315.399999999999977,338.035599999999988,1.000000000000000,4 - Non-Int. NHS (mainline),,,0.346188267207379
-1,11351000141COINC,0.000000000000000,0.374700000000000,1.000000000000000,4 - Non-Int. NHS (mainline),,,0.006126537954033
-1,1021200072600INC,3.132700000000000,5.703500000000000,8.000000000000000,5 - NHS Connector,,,0.044183486347470
-1,1000100003300INC,23.682900000000000,29.582000000000001,1.000000000000000,4 - Non-Int. NHS (mainline),,,0.086318261421922
-1,1247200205601INC,0.000000000000000,0.202000000000000,1.000000000000000,4 - Non-Int. NHS (mainline),,,0.003257039523686
-1,1063200151600INC,0.708100000000000,1.024000000000000,2.000000000000000,5 - NHS Connector,,,0.005448186873442
-1,1121200005703INC,2.788000000000000,3.022900000000000,5.000000000000000,5 - NHS Connector,,,0.004051455309318
-1,1000100012400INC,0.140300000000000,20.032499999999999,1.000000000000000,4 - Non-Int. NHS (mainline),,,0.300522492967151
-1,1000100001100INC,277.360500000000002,278.995799999999974,1.000000000000000,4 - Non-Int. NHS (mainline),,,0.025772381808105
-1,1000100002900INC,49.324300000000001,54.321399999999997,1.000000000000000,4 - Non-Int. NHS (mainline),,,0.078403650445662
-1,1245200151500INC,1.731600000000000,5.848000000000000,1.000000000000000,2 - Non-int. STRAHNET (mainline),,,0.065687108000637
-1,1089200309713INC,0.000000000000000,0.319500000000000,8.000000000000000,5 - NHS Connector,,,0.005086961967095
-1,1275200082317INC,0.000000000000000,4.350500000000000,1.000000000000000,4 - Non-Int. NHS (mainline),,,0.068655296119455
-1,1000100040400INC,0.000000000000000,0.714700000000000,1.000000000000000,1 - Interstate,,,0.011610156366592
-1,1051200067707INC,0.188300000000000,2.298200000000000,1.000000000000000,4 - Non-Int. NHS (mainline),,,0.035526656224873
-1,11851000007ALINC,2.519300000000000,2.852300000000000,1.000000000000000,4 - Non-Int. NHS (mainline),,,0.004875565912504
-1,1000100008500INC,83.585099999999997,96.457599999999999,1.000000000000000,4 - Non-Int. NHS (mainline),,,0.190688268410617
-1,1121200165103INC,2.847400000000000,2.864400000000000,7.000000000000000,5 - NHS Connector,,,0.000246749254875
-1,1000100001000INC,5.135400000000000,5.209400000000000,7.000000000000000,5 - NHS Connector,,,0.001285532350768
-1,10951000520BUINC,0.000000000000000,2.523300000000000,1.000000000000000,4 - Non-Int. NHS (mainline),,,0.036636328996667
-1,1000100002200INC,115.325900000000004,138.332600000000014,1.000000000000000,4 - Non-Int. NHS (mainline),,,0.385023845600125
-1,10831000406COINC,0.000000000000000,0.850200000000000,1.000000000000000,1 - Interstate,,,0.012844321183921
-1,12611000027WEINC,0.000000000000000,2.147700000000000,1.000000000000000,4 - Non-Int. NHS (mainline),,,0.036402523046610
-1,1000100040100INC,164.588999999999999,312.079700000000003,1.000000000000000,1 - Interstate,,,2.301050382828258
-1,1000100005200INC,59.135800000000003,59.226999999999997,1.000000000000000,4 - Non-Int. NHS (mainline),,,0.001449471876026
-1,1000100000200INC,77.135800000000003,77.236699999999999,1.000000000000000,4 - Non-Int. NHS (mainline),,,0.001590060661230
-1,1299200099205INC,0.000000000000000,0.107600000000000,1.000000000000000,4 - Non-Int. NHS (mainline),,,0.001816666407524
-1,1225200091915INC,0.000000000000000,1.392500000000000,1.000000000000000,4 - Non-Int. NHS (mainline),,,0.023506357347239
-1,1063200092203INC,0.380400000000000,0.791700000000000,5.000000000000000,5 - NHS Connector,,,0.006661845952669
-1,1000100018400INC,12.927000000000000,13.629200000000001,1.000000000000000,4 - Non-Int. NHS (mainline),,,0.012308382469643
-1,1000100001900INC,18.515499999999999,26.049499999999998,1.000000000000000,4 - Non-Int. NHS (mainline),,,0.120310606049908
-1,10511000025COINC,0.245500000000000,0.374500000000000,1.000000000000000,4 - Non-Int. NHS (mainline),,,0.002171564006014
-1,10991000001SBINC,0.000000000000000,0.119700000000000,1.000000000000000,2 - Non-int. STRAHNET (mainline),,,0.001880459374682
-1,1000100003800INC,230.700600000000009,259.201500000000010,1.000000000000000,2 - Non-int. STRAHNET (mainline),,,0.459066797248217
-1,1215200312000INC,0.000000000000000,0.003100000000000,1.000000000000000,4 - Non-Int. NHS (mainline),,,0.000048101827160
-1,10511000025COINC,2.702800000000000,2.870200000000000,6.000000000000000,5 - NHS Connector,,,0.002776515214547
-1,1051200075507INC,0.000000000000000,1.043200000000000,1.000000000000000,4 - Non-Int. NHS (mainline),,,0.015461709791238
-1,11211000008WEINC,0.000000000000000,0.167300000000000,1.000000000000000,4 - Non-Int. NHS (mainline),,,0.002682000956704
-1,1000100010400INC,0.000000000000000,11.880599999999999,1.000000000000000,4 - Non-Int. NHS (mainline),,,0.193955415169961
-1,1000100001400INC,82.969399999999993,83.216600000000000,7.000000000000000,5 - NHS Connector,,,0.003596425326380
-1,1000100003100INC,108.613600000000005,108.667199999999994,1.000000000000000,4 - Non-Int. NHS (mainline),,,0.000786878724496
-1,10851000009WEINC,0.000000000000000,0.080400000000000,1.000000000000000,4 - Non-Int. NHS (mainline),,,0.001351655861971
-1,1000100041700INC,17.383700000000001,31.030100000000001,1.000000000000000,1 - Interstate,,,0.210498002608979
-1,1000100007000INC,24.917000000000002,32.085900000000002,1.000000000000000,4 - Non-Int. NHS (mainline),,,0.113870906143412
-1,1000100000700INC,87.871899999999997,90.866299999999995,1.000000000000000,4 - Non-Int. NHS (mainline),,,0.044698423027842
-1,1000100002300INC,92.430300000000003,102.128699999999995,1.000000000000000,2 - Non-int. STRAHNET (mainline),,,0.154933064785760
-1,1067200545019INC,0.000000000000000,1.039400000000000,1.000000000000000,4 - Non-Int. NHS (mainline),,,0.017748857745180
-1,11271000025SPINC,0.000000000000000,4.425900000000000,1.000000000000000,4 - Non-Int. NHS (mainline),,,0.066522896612379
-1,1000100002600INC,85.153099999999995,112.433999999999997,1.000000000000000,2 - Non-int. STRAHNET (mainline),,,0.435468026872669
-1,10871000038BUINC,0.178500000000000,0.795000000000000,1.000000000000000,4 - Non-Int. NHS (mainline),,,0.010375559142669
-1,1000100040700INC,60.988900000000001,62.653500000000001,1.000000000000000,1 - Interstate,,,0.027948530359786
-1,11771000003BYINC,0.323100000000000,1.828600000000000,1.000000000000000,4 - Non-Int. NHS (mainline),,,0.022929014305090
-1,1117200046001INC,0.981000000000000,1.085300000000000,1.000000000000000,4 - Non-Int. NHS (mainline),,,0.001819929485365
-1,1000100007300INC,62.401299999999999,66.275199999999998,1.000000000000000,4 - Non-Int. NHS (mainline),,,0.056924647045791
-1,1121200067303INC,1.322200000000000,1.780200000000000,4.000000000000000,5 - NHS Connector,,,0.006647370746050
-1,1000100000900INC,57.964599999999997,58.084400000000002,1.000000000000000,4 - Non-Int. NHS (mainline),,,0.002093129832784
-1,1000100002500INC,122.018199999999993,124.079499999999996,3.000000000000000,5 - NHS Connector,,,0.030635499302219
-1,10711000037WEINC,0.000000000000000,0.821700000000000,1.000000000000000,4 - Non-Int. NHS (mainline),,,0.013699298709795
-1,1000100040000INC,9.249800000000000,9.404400000000001,1.000000000000000,4 - Non-Int. NHS (mainline),,,0.002243633118055
-1,1151200085309INC,0.000000000000000,0.655000000000000,7.000000000000000,5 - NHS Connector,,,0.010696144790562
-1,1000100006100INC,85.773499999999999,91.034000000000006,1.000000000000000,4 - Non-Int. NHS (mainline),,,0.079042553443267
-1,1000100000200INC,4.683700000000000,11.103000000000000,1.000000000000000,4 - Non-Int. NHS (mainline),,,0.111104455366101
-1,1051200235507INC,0.000000000000000,0.108000000000000,4.000000000000000,5 - NHS Connector,,,0.001772471652206
-1,1000100023200INC,13.135500000000000,14.511799999999999,1.000000000000000,4 - Non-Int. NHS (mainline),,,0.020857152941108
-1,10001000015ALINC,4.548500000000000,8.031300000000000,1.000000000000000,4 - Non-Int. NHS (mainline),,,0.056055142557400
-1,10511000404SPINC,0.000000000000000,3.070500000000000,1.000000000000000,4 - Non-Int. NHS (mainline),,,0.047308243376127
-1,1000100003300INC,29.754799999999999,32.279100000000000,1.000000000000000,4 - Non-Int. NHS (mainline),,,0.039418064976354
-1,1245200388800INC,0.000000000000000,6.582300000000000,1.000000000000000,4 - Non-Int. NHS (mainline),,,0.101858779168963
-1,12971000010BUINC,0.000000000000000,0.781900000000000,1.000000000000000,4 - Non-Int. NHS (mainline),,,0.012440451384741
-1,1021200074000INC,0.000000000000000,2.811000000000000,8.000000000000000,5 - NHS Connector,,,0.047729601158516
-1,1051200169207INC,0.000000000000000,1.214300000000000,2.000000000000000,5 - NHS Connector,,,0.020459938625775
-1,1000100012000INC,54.017800000000001,54.263100000000001,1.000000000000000,4 - Non-Int. NHS (mainline),,,0.003652874076980
-1,1000100001300INC,10.348599999999999,10.632099999999999,1.000000000000000,4 - Non-Int. NHS (mainline),,,0.004578083222257
-1,1000100002700INC,30.924800000000001,58.630099999999999,1.000000000000000,4 - Non-Int. NHS (mainline),,,0.460370423322642
-1,10951000520BUINC,2.822200000000000,11.831200000000001,1.000000000000000,2 - Non-int. STRAHNET (mainline),,,0.152091387791281
-1,1000100040500INC,0.000000000000000,111.816000000000003,1.000000000000000,1 - Interstate,,,1.665676550332297
-1,1000100009100INC,70.425100000000000,74.815700000000007,1.000000000000000,4 - Non-Int. NHS (mainline),,,0.065651859629181
-1,1121200203803INC,0.397000000000000,0.487300000000000,7.000000000000000,5 - NHS Connector,,,0.001388898181472
-1,1000100000800INC,108.863000000000000,126.058300000000003,1.000000000000000,4 - Non-Int. NHS (mainline),,,0.291593442207464
-1,1000100002200INC,113.331999999999994,114.560699999999997,1.000000000000000,4 - Non-Int. NHS (mainline),,,0.020795795642374
-1,1067200784800INC,0.000000000000000,0.096400000000000,1.000000000000000,4 - Non-Int. NHS (mainline),,,0.001600412269299
-1,1000100015400INC,30.269500000000001,42.244399999999999,1.000000000000000,4 - Non-Int. NHS (mainline),,,0.201353964914366
-1,1135200651200INC,3.278400000000000,3.540700000000000,1.000000000000000,4 - Non-Int. NHS (mainline),,,0.004448611854493
-1,1113200036300INC,0.000000000000000,2.149100000000000,1.000000000000000,4 - Non-Int. NHS (mainline),,,0.037120099834719
-1,1000100006100INC,0.000000000000000,8.548999999999999,1.000000000000000,4 - Non-Int. NHS (mainline),,,0.130162861110779
-1,12511000073LOINC,1.920800000000000,3.025900000000000,1.000000000000000,4 - Non-Int. NHS (mainline),,,0.017951789971128
-1,1051200205507INC,0.000000000000000,1.416500000000000,1.000000000000000,4 - Non-Int. NHS (mainline),,,0.023341281442742
-1,12111000024BYINC,0.000000000000000,4.220100000000000,1.000000000000000,4 - Non-Int. NHS (mainline),,,0.066117325329310
-1,1121200052003INC,2.525600000000000,2.538600000000000,5.000000000000000,5 - NHS Connector,,,0.000198904201930
-1,1000100012000INC,49.885899999999999,51.887599999999999,1.000000000000000,4 - Non-Int. NHS (mainline),,,0.033918102622254
-1,1000100001400INC,68.148200000000003,74.851500000000001,1.000000000000000,4 - Non-Int. NHS (mainline),,,0.108445533357058
-1,1000100040100DEC,0.000000000000000,354.506500000000017,1.000000000000000,1 - Interstate,,,5.393146569739349
-1,1000100004900INC,93.707700000000003,122.588899999999995,1.000000000000000,4 - Non-Int. NHS (mainline),,,0.470819199934313
-1,1000100000300INC,0.000000000000000,69.442899999999995,1.000000000000000,4 - Non-Int. NHS (mainline),,,1.038109984325410
-1,1215200210800INC,0.000000000000000,3.466500000000000,1.000000000000000,4 - Non-Int. NHS (mainline),,,0.056967757570405
-1,1063200001917INC,0.000000000000000,0.135800000000000,7.000000000000000,5 - NHS Connector,,,0.002140124863201
-1,1000100014100INC,1.336500000000000,2.909000000000000,1.000000000000000,4 - Non-Int. NHS (mainline),,,0.026014328883175
-1,1121200700023INC,0.000000000000000,0.037700000000000,1.000000000000000,4 - Non-Int. NHS (mainline),,,0.000602823182169
-1,1000100001900INC,127.244299999999996,127.266499999999994,1.000000000000000,4 - Non-Int. NHS (mainline),,,0.000354560570502
-1,1000100004900INC,63.981999999999999,65.521199999999993,1.000000000000000,2 - Non-int. STRAHNET (mainline),,,0.023906952690249
-1,12951000001BUINC,0.000000000000000,0.756100000000000,1.000000000000000,4 - Non-Int. NHS (mainline),,,0.012216084062224
-1,1000100041900INC,23.998400000000000,69.499399999999994,1.000000000000000,4 - Non-Int. NHS (mainline),,,0.737010680827507
-1,1051200097500INC,0.000000000000000,6.820200000000000,1.000000000000000,4 - Non-Int. NHS (mainline),,,0.106415953355491
-1,11851000007ASINC,0.000000000000000,0.083500000000000,1.000000000000000,4 - Non-Int. NHS (mainline),,,0.001224376308214
-1,1121200011925INC,3.603400000000000,4.518300000000000,1.000000000000000,4 - Non-Int. NHS (mainline),,,0.014477124401791
-1,1000100009600INC,42.592100000000002,51.268799999999999,1.000000000000000,2 - Non-int. STRAHNET (mainline),,,0.147666181072498
-1,1000100001100INC,289.245900000000006,366.012999999999977,1.000000000000000,4 - Non-Int. NHS (mainline),,,1.206438563756346
-1,1000100002900INC,54.321399999999997,87.811000000000007,1.000000000000000,4 - Non-Int. NHS (mainline),,,0.516658368071329
-1,1089200518600INC,6.047500000000000,6.887100000000000,1.000000000000000,4 - Non-Int. NHS (mainline),,,0.012379615942229
-1,1255200087705INC,0.000000000000000,0.359700000000000,8.000000000000000,5 - NHS Connector,,,0.005876524709055
-1,1000100023600INC,0.000000000000000,0.397600000000000,7.000000000000000,5 - NHS Connector,,,0.006912242220739
-1,11571000011COINC,0.000000000000000,3.148700000000000,1.000000000000000,4 - Non-Int. NHS (mainline),,,0.050111227665596
-1,1000100007300INC,26.336900000000000,35.438899999999997,1.000000000000000,2 - Non-int. STRAHNET (mainline),,,0.139809034370687
-1,1000100000500INC,146.522500000000008,156.763499999999993,1.000000000000000,4 - Non-Int. NHS (mainline),,,0.160215425648011
-1,1000100002500INC,124.871899999999997,128.770999999999987,1.000000000000000,4 - Non-Int. NHS (mainline),,,0.062452997316923
-1,1083100040600INC,0.000000000000000,20.129500000000000,1.000000000000000,1 - Interstate,,,0.305928963379430
-1,1215200102200INC,0.127400000000000,0.137600000000000,1.000000000000000,4 - Non-Int. NHS (mainline),,,0.000148141674870
-1,1000100013500INC,69.698800000000006,72.653099999999995,1.000000000000000,4 - Non-Int. NHS (mainline),,,0.047206857430019
-1,1121200714305INC,0.285000000000000,0.457500000000000,7.000000000000000,5 - NHS Connector,,,0.002863724752804
-1,1000100001700INC,195.725599999999986,195.777099999999990,1.000000000000000,4 - Non-Int. NHS (mainline),,,0.000884758350847
-1,11131000054WEINC,0.000000000000000,0.981700000000000,1.000000000000000,4 - Non-Int. NHS (mainline),,,0.016808879100053
-1,1000100006200INC,40.375000000000000,62.187399999999997,1.000000000000000,2 - Non-int. STRAHNET (mainline),,,0.362268167868194
-1,1215200222800INC,9.083500000000001,9.315300000000001,1.000000000000000,4 - Non-Int. NHS (mainline),,,0.003483231702626
-1,10651000038WEINC,0.000000000000000,1.393800000000000,1.000000000000000,4 - Non-Int. NHS (mainline),,,0.023158670911054
-1,1000100009600INC,55.524799999999999,76.685400000000001,1.000000000000000,2 - Non-int. STRAHNET (mainline),,,0.349733694163950
-1,1121200262303INC,0.000000000000000,0.168100000000000,8.000000000000000,5 - NHS Connector,,,0.002447642372481
-1,1000100001100INC,173.834499999999991,176.788700000000006,1.000000000000000,3 - STRAHNET Connector,,,0.043444984945060
-1,1000100003100INC,108.227400000000003,108.613600000000005,1.000000000000000,4 - Non-Int. NHS (mainline),,,0.005675522744037
-1,1089200298500INC,0.000000000000000,0.050900000000000,7.000000000000000,5 - NHS Connector,,,0.000883727253141
-1,1295100019300INC,0.427500000000000,0.707500000000000,1.000000000000000,4 - Non-Int. NHS (mainline),,,0.004077315784574
-1,1000100040300INC,0.000000000000000,77.034300000000002,1.000000000000000,1 - Interstate,,,1.207252469998572
-1,1051200056503INC,8.269700000000000,8.288300000000000,2.000000000000000,5 - NHS Connector,,,0.000317251543165
-1,1000100009200INC,46.188699999999997,51.520899999999997,1.000000000000000,4 - Non-Int. NHS (mainline),,,0.086237813849851
-1,1000100000800INC,135.214599999999990,136.508700000000005,1.000000000000000,4 - Non-Int. NHS (mainline),,,0.020213017371014
-1,1095200136301INC,0.000000000000000,7.616200000000000,1.000000000000000,4 - Non-Int. NHS (mainline),,,0.117803619704374
-1,1000100002000INC,64.409400000000005,85.647199999999998,1.000000000000000,4 - Non-Int. NHS (mainline),,,0.359233690275569
-1,1245200150100INC,2.672400000000000,2.879500000000000,1.000000000000000,4 - Non-Int. NHS (mainline),,,0.003530109976135
-1,10671000120ALINC,0.000000000000000,2.069700000000000,1.000000000000000,4 - Non-Int. NHS (mainline),,,0.034696653429411
-1,1000100040200DEC,0.000000000000000,201.527199999999993,1.000000000000000,1 - Interstate,,,3.450965281063836
-1,1097200085908INC,0.000000000000000,0.889200000000000,1.000000000000000,4 - Non-Int. NHS (mainline),,,0.014857562128543
-1,1000100004500INC,31.816400000000002,32.521700000000003,1.000000000000000,2 - Non-int. STRAHNET (mainline),,,0.010336853747958
-1,12791000030WEINC,0.000000000000000,0.084700000000000,1.000000000000000,4 - Non-Int. NHS (mainline),,,0.001294374456409
-1,1000100041300INC,0.000000000000000,10.044700000000001,1.000000000000000,1 - Interstate,,,0.151096039126982
-1,1051200164307INC,0.000000000000000,0.191600000000000,5.000000000000000,5 - NHS Connector,,,0.003234840389006
-1,1153200091915INC,4.186300000000000,4.327300000000000,1.000000000000000,4 - Non-Int. NHS (mainline),,,0.002413059469790
-1,11211000014ALINC,13.249000000000001,13.716600000000000,1.000000000000000,4 - Non-Int. NHS (mainline),,,0.008074453472051
-1,1000100009200INC,33.376199999999997,37.080199999999998,1.000000000000000,4 - Non-Int. NHS (mainline),,,0.059249256942597
-1,1000100001000INC,9.805400000000001,160.795500000000004,1.000000000000000,4 - Non-Int. NHS (mainline),,,2.502841555727723
-1,1000100003100INC,115.857900000000001,148.219999999999999,1.000000000000000,4 - Non-Int. NHS (mainline),,,0.476550058303915
-1,1089200486131INC,0.000000000000000,0.369700000000000,7.000000000000000,5 - NHS Connector,,,0.006429112799587
-1,1000100024700INC,37.110100000000003,43.036299999999997,1.000000000000000,4 - Non-Int. NHS (mainline),,,0.086481348889161
-1,1115200079600INC,0.731800000000000,2.188000000000000,8.000000000000000,5 - NHS Connector,,,0.022555117586511
-1,1000100005600INC,135.700899999999990,140.405699999999996,1.000000000000000,4 - Non-Int. NHS (mainline),,,0.069131603022754
-1,1000100002400INC,74.815500000000000,75.534700000000001,1.000000000000000,4 - Non-Int. NHS (mainline),,,0.012037116136573
-1,10711000033SOINC,0.000000000000000,0.090900000000000,1.000000000000000,4 - Non-Int. NHS (mainline),,,0.001427760338325
-1,1000100016600INC,17.059300000000000,21.844200000000001,1.000000000000000,4 - Non-Int. NHS (mainline),,,0.076457741705601
-1,1121200479829INC,0.000000000000000,1.795700000000000,1.000000000000000,4 - Non-Int. NHS (mainline),,,0.029889427886163
-1,10001000017ALINC,4.138000000000000,9.187700000000000,1.000000000000000,4 - Non-Int. NHS (mainline),,,0.081402377697681
-1,10491000004SOINC,0.000000000000000,1.459700000000000,1.000000000000000,4 - Non-Int. NHS (mainline),,,0.022967761248006
-1,1000100004200INC,114.305400000000006,115.059399999999997,1.000000000000000,4 - Non-Int. NHS (mainline),,,0.012402739070757
-1,1255200051000INC,0.000000000000000,1.319600000000000,8.000000000000000,5 - NHS Connector,,,0.022642550219929
-1,1219200034400INC,0.000000000000000,0.984300000000000,1.000000000000000,4 - Non-Int. NHS (mainline),,,0.015604932616484
-1,1059200047300INC,0.000000000000000,1.766700000000000,1.000000000000000,4 - Non-Int. NHS (mainline),,,0.026668965276594
-1,1000100009600INC,51.268799999999999,55.524799999999999,1.000000000000000,2 - Non-int. STRAHNET (mainline),,,0.071982928730307
-1,1000100001000INC,163.496100000000013,166.870499999999993,1.000000000000000,4 - Non-Int. NHS (mainline),,,0.056518120785505
-1,1097200085906INC,0.000000000000000,0.673500000000000,1.000000000000000,4 - Non-Int. NHS (mainline),,,0.009916614531128
-1,1000100002600INC,84.896799999999999,85.153099999999995,1.000000000000000,4 - Non-Int. NHS (mainline),,,0.004124319429140
-1,1089200252301INC,1.352800000000000,2.069000000000000,7.000000000000000,5 - NHS Connector,,,0.012332631241501
-1,1000100041100INC,0.000000000000000,49.653700000000001,1.000000000000000,1 - Interstate,,,0.740733613690423
-1,1051200059401INC,0.000000000000000,0.234900000000000,1.000000000000000,4 - Non-Int. NHS (mainline),,,0.003514916675387
-1,1000100008700INC,72.806899999999999,75.620500000000007,1.000000000000000,4 - Non-Int. NHS (mainline),,,0.044404173163081
-1,1121200100203INC,2.186700000000000,2.352000000000000,7.000000000000000,5 - NHS Connector,,,0.002398921905290
-1,1000100000900INC,0.896300000000000,1.363900000000000,4.000000000000000,5 - NHS Connector,,,0.007467587029002
-1,1121200714305INC,0.284200000000000,0.285000000000000,7.000000000000000,5 - NHS Connector,,,0.000012447905302
-1,1000100002200INC,0.000000000000000,3.803400000000000,1.000000000000000,2 - Non-int. STRAHNET (mainline),,,0.060052781013286
-1,1245200150100INC,2.879500000000000,3.881800000000000,1.000000000000000,4 - Non-Int. NHS (mainline),,,0.017242977341395
-1,1073200075603INC,0.000000000000000,0.290100000000000,1.000000000000000,4 - Non-Int. NHS (mainline),,,0.005014754499169
-1,1000100040100INC,0.000000000000000,149.363599999999991,1.000000000000000,1 - Interstate,,,2.211656309363058
-1,11511000920WEINC,0.000000000000000,0.271100000000000,1.000000000000000,4 - Non-Int. NHS (mainline),,,0.004692320494439
-1,1107200101023INC,0.000000000000000,2.155300000000000,1.000000000000000,4 - Non-Int. NHS (mainline),,,0.033984300712676
-1,1000100006200INC,27.262599999999999,40.175500000000000,1.000000000000000,2 - Non-int. STRAHNET (mainline),,,0.216746905601313
-1,1000100000300INC,245.958300000000008,309.207699999999988,1.000000000000000,4 - Non-Int. NHS (mainline),,,0.986330434673965
-1,12351000011BUINC,0.434400000000000,1.305800000000000,1.000000000000000,4 - Non-Int. NHS (mainline),,,0.013683983539984
-1,1063200075503INC,0.107200000000000,0.219300000000000,5.000000000000000,5 - NHS Connector,,,0.001628037237743
-1,1000100016600INC,61.506000000000000,62.960200000000000,1.000000000000000,4 - Non-Int. NHS (mainline),,,0.025130909850642
-1,1000100001700INC,121.296800000000005,144.408299999999997,1.000000000000000,4 - Non-Int. NHS (mainline),,,0.342648622340367
-1,10171000011SOINC,0.000000000000000,1.533000000000000,1.000000000000000,4 - Non-Int. NHS (mainline),,,0.022393955329549
-1,1000100003400INC,13.451599999999999,28.944400000000002,1.000000000000000,4 - Non-Int. NHS (mainline),,,0.259462613512676
-1,1245200264900INC,0.000000000000000,2.194900000000000,1.000000000000000,4 - Non-Int. NHS (mainline),,,0.037928950430336
-1,1215200222600INC,0.000000000000000,1.895100000000000,1.000000000000000,4 - Non-Int. NHS (mainline),,,0.031197181554088
-1,1135200565100INC,0.000000000000000,4.430800000000000,1.000000000000000,4 - Non-Int. NHS (mainline),,,0.072968590422834
-1,1000100005000INC,36.658099999999997,42.929400000000001,1.000000000000000,4 - Non-Int. NHS (mainline),,,0.105465826601221
-1,1000100000300INC,236.259500000000003,240.856200000000001,1.000000000000000,4 - Non-Int. NHS (mainline),,,0.068394055342477
-1,1000100001500INC,265.197600000000023,307.161499999999990,1.000000000000000,4 - Non-Int. NHS (mainline),,,0.634209679239219
-1,1245200006500INC,5.894000000000000,7.556900000000000,1.000000000000000,4 - Non-Int. NHS (mainline),,,0.025564442846470
-1,1063200019100INC,0.000000000000000,5.604500000000000,1.000000000000000,4 - Non-Int. NHS (mainline),,,0.095212464598932
-1,1000100020600INC,25.049299999999999,27.281700000000001,1.000000000000000,4 - Non-Int. NHS (mainline),,,0.034281377107978
-1,1000100001600INC,72.756000000000000,73.083799999999997,1.000000000000000,4 - Non-Int. NHS (mainline),,,0.005662281492444
-1,10511000025COINC,1.420800000000000,2.518600000000000,1.000000000000000,4 - Non-Int. NHS (mainline),,,0.017919598794189
-1,1000100003800INC,163.029400000000010,177.211199999999991,1.000000000000000,4 - Non-Int. NHS (mainline),,,0.229119951368130
-1,1275200055117INC,0.000000000000000,1.064900000000000,1.000000000000000,4 - Non-Int. NHS (mainline),,,0.016962690491874
-1,1215200275500INC,0.000000000000000,0.590500000000000,1.000000000000000,4 - Non-Int. NHS (mainline),,,0.010103548893544
-1,10511000026COINC,0.000000000000000,0.199700000000000,1.000000000000000,4 - Non-Int. NHS (mainline),,,0.002947583460974
-1,1051200000007INC,3.238700000000000,7.063900000000000,1.000000000000000,4 - Non-Int. NHS (mainline),,,0.056764618978327
-1,1185200151713INC,3.754700000000000,3.893100000000000,1.000000000000000,4 - Non-Int. NHS (mainline),,,0.002326581751106
-1,1000100010900INC,11.729300000000000,15.259100000000000,1.000000000000000,4 - Non-Int. NHS (mainline),,,0.060572461647155
-1,1121200358603INC,1.509400000000000,1.684500000000000,7.000000000000000,5 - NHS Connector,,,0.002541906342803
-1,1000100001100INC,183.147199999999998,197.954399999999993,1.000000000000000,4 - Non-Int. NHS (mainline),,,0.225633032809256
-1,11271000025SEINC,0.000000000000000,4.114600000000000,1.000000000000000,4 - Non-Int. NHS (mainline),,,0.068409240564183
-1,1000100003000INC,138.793599999999998,139.512799999999999,1.000000000000000,4 - Non-Int. NHS (mainline),,,0.011948655084300
-1,10871000001BUINC,14.634499999999999,15.383200000000000,1.000000000000000,4 - Non-Int. NHS (mainline),,,0.012171397952702
-1,1000100040500DEC,0.000000000000000,111.852300000000000,1.000000000000000,1 - Interstate,,,1.666331080535148
-1,1000100008100INC,11.269200000000000,30.223900000000000,1.000000000000000,4 - Non-Int. NHS (mainline),,,0.307264916027270
-1,1000100000800INC,60.789900000000003,76.431399999999996,1.000000000000000,4 - Non-Int. NHS (mainline),,,0.257955082252513
-1,1000100002000INC,86.944999999999993,109.402699999999996,1.000000000000000,4 - Non-Int. NHS (mainline),,,0.351035735215964
-1,1067200093809INC,0.000000000000000,0.166900000000000,1.000000000000000,4 - Non-Int. NHS (mainline),,,0.002679517821360
-1,1000100028000INC,5.520000000000000,7.011800000000000,1.000000000000000,4 - Non-Int. NHS (mainline),,,0.022778148757374
-1,1135200723800INC,0.000000000000000,7.010900000000000,1.000000000000000,4 - Non-Int. NHS (mainline),,,0.116189675704562
-1,1000100005400INC,55.389800000000001,56.212100000000000,1.000000000000000,4 - Non-Int. NHS (mainline),,,0.014181093929097
-1,1063100033100INC,0.000000000000000,0.306300000000000,1.000000000000000,4 - Non-Int. NHS (mainline),,,0.005069285124431
-1,1000100022300INC,18.672000000000001,20.942699999999999,1.000000000000000,4 - Non-Int. NHS (mainline),,,0.037329852105206
-1,1000100001700INC,231.119499999999988,240.432199999999995,1.000000000000000,4 - Non-Int. NHS (mainline),,,0.151427278310949
-1,10311000073BYINC,0.000000000000000,4.493200000000000,1.000000000000000,4 - Non-Int. NHS (mainline),,,0.067217273476241
-1,1000100003200INC,54.925300000000000,103.823099999999997,1.000000000000000,4 - Non-Int. NHS (mainline),,,0.813294133883284
-1,1247200205500INC,0.000000000000000,0.136300000000000,1.000000000000000,4 - Non-Int. NHS (mainline),,,0.002209226138101
-1,1215200288300INC,0.000000000000000,0.465300000000000,1.000000000000000,4 - Non-Int. NHS (mainline),,,0.007967203375404
-1,1000100042200INC,0.000000000000000,18.794200000000000,1.000000000000000,4 - Non-Int. NHS (mainline),,,0.307126920878200
-1,1051200164407INC,0.000000000000000,0.407400000000000,4.000000000000000,5 - NHS Connector,,,0.006243145346135
-1,11891000017BYINC,0.000000000000000,1.772300000000000,1.000000000000000,4 - Non-Int. NHS (mainline),,,0.026768005855543
-1,1000100012100INC,231.071499999999986,233.803599999999989,1.000000000000000,4 - Non-Int. NHS (mainline),,,0.042249077506456
-1,1000100001100INC,86.825000000000003,89.582400000000007,1.000000000000000,4 - Non-Int. NHS (mainline),,,0.040737638821456
-1,1097200057803INC,0.812800000000000,1.211800000000000,7.000000000000000,5 - NHS Connector,,,0.005793186271746
-1,1000100003000INC,228.644200000000012,229.581799999999987,1.000000000000000,4 - Non-Int. NHS (mainline),,,0.015896392106154
-1,1089200519400INC,0.877100000000000,1.213600000000000,7.000000000000000,5 - NHS Connector,,,0.005287716219209
-1,1000100024700INC,19.532800000000002,32.874600000000001,1.000000000000000,3 - STRAHNET Connector,,,0.199267146782310
-1,10511000025COINC,2.518600000000000,2.702800000000000,6.000000000000000,5 - NHS Connector,,,0.003102213489071
-1,1051200030200INC,0.000000000000000,1.495400000000000,1.000000000000000,4 - Non-Int. NHS (mainline),,,0.025334180281299
-1,11851000007SBINC,0.000000000000000,0.472100000000000,1.000000000000000,4 - Non-Int. NHS (mainline),,,0.007186850607320
-1,1000100010700INC,20.915199999999999,24.410299999999999,1.000000000000000,4 - Non-Int. NHS (mainline),,,0.058839335530594
-1,1000100001200INC,25.540700000000001,28.835200000000000,1.000000000000000,4 - Non-Int. NHS (mainline),,,0.056068743456326
-1,1000100003000INC,139.962899999999991,191.046199999999999,1.000000000000000,4 - Non-Int. NHS (mainline),,,0.849597821772917
-1,1089200516000INC,1.021600000000000,5.096600000000000,1.000000000000000,4 - Non-Int. NHS (mainline),,,0.068174864843280
-1,1000100041700DEC,0.000000000000000,31.422599999999999,1.000000000000000,1 - Interstate,,,0.477895687033230
-1,1000100009200INC,81.215000000000003,101.715999999999994,1.000000000000000,4 - Non-Int. NHS (mainline),,,0.345951556487258
-1,1121200165103INC,2.864400000000000,3.086200000000000,7.000000000000000,5 - NHS Connector,,,0.003224018680840
-1,1000100000600INC,0.000000000000000,11.159300000000000,1.000000000000000,4 - Non-Int. NHS (mainline),,,0.186497926169602
-1,1000100002100INC,14.900000000000000,84.387299999999996,1.000000000000000,4 - Non-Int. NHS (mainline),,,1.102317048950151
-1,1067200387800INC,0.000000000000000,0.036700000000000,1.000000000000000,4 - Non-Int. NHS (mainline),,,0.000637112371052
-1,1000100040000INC,9.404400000000001,53.743099999999998,1.000000000000000,4 - Non-Int. NHS (mainline),,,0.686349231773188
-1,1121200800111INC,0.000000000000000,0.161100000000000,2.000000000000000,5 - NHS Connector,,,0.002795079272195
-1,1000100006700INC,34.775599999999997,53.158400000000000,1.000000000000000,2 - Non-int. STRAHNET (mainline),,,0.276931821563451
-1,1000100000400INC,0.000000000000000,37.744900000000001,1.000000000000000,4 - Non-Int. NHS (mainline),,,0.581007502905216
-1,1233200071803INC,0.000000000000000,0.222600000000000,1.000000000000000,4 - Non-Int. NHS (mainline),,,0.003230570422844
-1,1051298652345INC,0.000000000000000,1.325900000000000,1.000000000000000,4 - Non-Int. NHS (mainline),,,0.022342378271628
-1,1000100016600INC,32.386099999999999,32.790799999999997,1.000000000000000,4 - Non-Int. NHS (mainline),,,0.006943346710309
-1,1121200700023INC,3.060300000000000,3.123000000000000,1.000000000000000,4 - Non-Int. NHS (mainline),,,0.001091522307933
-1,10001000015ALINC,29.584800000000001,31.660900000000002,1.000000000000000,4 - Non-Int. NHS (mainline),,,0.030988629954268
-1,1135200130500INC,0.000000000000000,3.408100000000000,1.000000000000000,4 - Non-Int. NHS (mainline),,,0.051351669033667
-1,1000100004600INC,98.693799999999996,98.867699999999999,1.000000000000000,3 - STRAHNET Connector,,,0.002683944671141
-1,1000100041900DEC,35.080300000000001,59.124600000000001,1.000000000000000,1 - Interstate,,,0.376432457299096
-1,1051200054700INC,0.000000000000000,0.670000000000000,1.000000000000000,4 - Non-Int. NHS (mainline),,,0.010564954872474
-1,1000100012000INC,51.887599999999999,52.706800000000001,1.000000000000000,4 - Non-Int. NHS (mainline),,,0.013883602139543
-1,1121200309603INC,2.808800000000000,3.066000000000000,7.000000000000000,5 - NHS Connector,,,0.004463629380540
-1,1000100001100INC,85.769800000000004,86.825000000000003,1.000000000000000,4 - Non-Int. NHS (mainline),,,0.015981624529797
-1,12331000001BUINC,0.000000000000000,4.223300000000000,1.000000000000000,4 - Non-Int. NHS (mainline),,,0.063271833302446
-1,1121200904401INC,0.277900000000000,0.338500000000000,7.000000000000000,5 - NHS Connector,,,0.000901373060916
-1,1095200155101INC,0.000000000000000,0.332700000000000,1.000000000000000,4 - Non-Int. NHS (mainline),,,0.005362742266442
-1,1000100003200INC,103.823099999999997,189.077499999999986,1.000000000000000,4 - Non-Int. NHS (mainline),,,1.410908591653592
-1,1089200519100INC,0.000000000000000,2.705700000000000,1.000000000000000,4 - Non-Int. NHS (mainline),,,0.039489782752558
-1,1000100031600INC,0.000000000000000,0.681200000000000,1.000000000000000,4 - Non-Int. NHS (mainline),,,0.011787638408934
-1,1000100006200INC,0.000000000000000,12.587300000000001,1.000000000000000,2 - Non-int. STRAHNET (mainline),,,0.202094787239764
-1,1000100000400INC,99.140100000000004,99.140699999999995,1.000000000000000,4 - Non-Int. NHS (mainline),,,0.000009077596871
-1,1000100002400INC,159.404899999999998,199.731500000000011,1.000000000000000,4 - Non-Int. NHS (mainline),,,0.618811459716810
-1,1067200784900INC,0.000000000000000,0.145600000000000,1.000000000000000,4 - Non-Int. NHS (mainline),,,0.002398479333779
-1,1000100014200INC,30.527000000000001,31.569199999999999,1.000000000000000,4 - Non-Int. NHS (mainline),,,0.015868112661300
-1,1000100001600INC,37.679800000000000,38.305500000000002,1.000000000000000,4 - Non-Int. NHS (mainline),,,0.009248097034314
-1,1000100004100INC,15.337500000000000,16.273199999999999,1.000000000000000,4 - Non-Int. NHS (mainline),,,0.014799332761001